{"op_code":0,"worker_id":"b47255cf-fb86-4bab-b6be-4da0dc2256f0-134361433445888","study_name":"no-name-188a108c-65af-4610-8b64-115901e84fbb","directions":[2]}
{"op_code":4,"worker_id":"b47255cf-fb86-4bab-b6be-4da0dc2256f0-134353714128576","study_id":0,"datetime_start":"2026-03-21T09:44:46.684814"}
{"op_code":5,"worker_id":"b47255cf-fb86-4bab-b6be-4da0dc2256f0-134353714128576","trial_id":0,"param_name":"classifier","param_value_internal":2,"distribution":"{\"name\": \"CategoricalDistribution\", \"attributes\": {\"choices\": [\"LogisticRegression\", \"RandomForestClassifier\", \"SVC\"]}}"}
{"op_code":4,"worker_id":"b47255cf-fb86-4bab-b6be-4da0dc2256f0-134353705735872","study_id":0,"datetime_start":"2026-03-21T09:44:46.687705"}
{"op_code":4,"worker_id":"b47255cf-fb86-4bab-b6be-4da0dc2256f0-134353623447232","study_id":0,"datetime_start":"2026-03-21T09:44:46.689777"}
{"op_code":5,"worker_id":"b47255cf-fb86-4bab-b6be-4da0dc2256f0-134353705735872","trial_id":1,"param_name":"classifier","param_value_internal":2,"distribution":"{\"name\": \"CategoricalDistribution\", \"attributes\": {\"choices\": [\"LogisticRegression\", \"RandomForestClassifier\", \"SVC\"]}}"}
{"op_code":5,"worker_id":"b47255cf-fb86-4bab-b6be-4da0dc2256f0-134353705735872","trial_id":1,"param_name":"svc_c","param_value_internal":0.011207718822234067,"distribution":"{\"name\": \"FloatDistribution\", \"attributes\": {\"step\": null, \"low\": 0.01, \"high\": 100.0, \"log\": true}}"}
{"op_code":5,"worker_id":"b47255cf-fb86-4bab-b6be-4da0dc2256f0-134353705735872","trial_id":1,"param_name":"svc_kernel","param_value_internal":2,"distribution":"{\"name\": \"CategoricalDistribution\", \"attributes\": {\"choices\": [\"linear\", \"rbf\", \"poly\", \"sigmoid\"]}}"}
{"op_code":5,"worker_id":"b47255cf-fb86-4bab-b6be-4da0dc2256f0-134353714128576","trial_id":0,"param_name":"svc_c","param_value_internal":0.5932958835518832,"distribution":"{\"name\": \"FloatDistribution\", \"attributes\": {\"step\": null, \"low\": 0.01, \"high\": 100.0, \"log\": true}}"}
{"op_code":5,"worker_id":"b47255cf-fb86-4bab-b6be-4da0dc2256f0-134353623447232","trial_id":2,"param_name":"classifier","param_value_internal":2,"distribution":"{\"name\": \"CategoricalDistribution\", \"attributes\": {\"choices\": [\"LogisticRegression\", \"RandomForestClassifier\", \"SVC\"]}}"}
{"op_code":5,"worker_id":"b47255cf-fb86-4bab-b6be-4da0dc2256f0-134353705735872","trial_id":1,"param_name":"svc_gamma","param_value_internal":0,"distribution":"{\"name\": \"CategoricalDistribution\", \"attributes\": {\"choices\": [\"scale\", \"auto\"]}}"}
{"op_code":4,"worker_id":"b47255cf-fb86-4bab-b6be-4da0dc2256f0-134353615054528","study_id":0,"datetime_start":"2026-03-21T09:44:46.733661"}
{"op_code":5,"worker_id":"b47255cf-fb86-4bab-b6be-4da0dc2256f0-134353623447232","trial_id":2,"param_name":"svc_c","param_value_internal":10.173485417065173,"distribution":"{\"name\": \"FloatDistribution\", \"attributes\": {\"step\": null, \"low\": 0.01, \"high\": 100.0, \"log\": true}}"}
{"op_code":5,"worker_id":"b47255cf-fb86-4bab-b6be-4da0dc2256f0-134353714128576","trial_id":0,"param_name":"svc_kernel","param_value_internal":0,"distribution":"{\"name\": \"CategoricalDistribution\", \"attributes\": {\"choices\": [\"linear\", \"rbf\", \"poly\", \"sigmoid\"]}}"}
{"op_code":5,"worker_id":"b47255cf-fb86-4bab-b6be-4da0dc2256f0-134353714128576","trial_id":0,"param_name":"svc_gamma","param_value_internal":0,"distribution":"{\"name\": \"CategoricalDistribution\", \"attributes\": {\"choices\": [\"scale\", \"auto\"]}}"}
{"op_code":5,"worker_id":"b47255cf-fb86-4bab-b6be-4da0dc2256f0-134353615054528","trial_id":3,"param_name":"classifier","param_value_internal":1,"distribution":"{\"name\": \"CategoricalDistribution\", \"attributes\": {\"choices\": [\"LogisticRegression\", \"RandomForestClassifier\", \"SVC\"]}}"}
{"op_code":5,"worker_id":"b47255cf-fb86-4bab-b6be-4da0dc2256f0-134353615054528","trial_id":3,"param_name":"rf_estimators","param_value_internal":500.0,"distribution":"{\"name\": \"IntDistribution\", \"attributes\": {\"log\": false, \"step\": 100, \"low\": 100, \"high\": 500}}"}
{"op_code":5,"worker_id":"b47255cf-fb86-4bab-b6be-4da0dc2256f0-134353615054528","trial_id":3,"param_name":"rf_max_features","param_value_internal":0,"distribution":"{\"name\": \"CategoricalDistribution\", \"attributes\": {\"choices\": [\"sqrt\", \"log2\"]}}"}
{"op_code":5,"worker_id":"b47255cf-fb86-4bab-b6be-4da0dc2256f0-134353623447232","trial_id":2,"param_name":"svc_kernel","param_value_internal":3,"distribution":"{\"name\": \"CategoricalDistribution\", \"attributes\": {\"choices\": [\"linear\", \"rbf\", \"poly\", \"sigmoid\"]}}"}
{"op_code":5,"worker_id":"b47255cf-fb86-4bab-b6be-4da0dc2256f0-134353623447232","trial_id":2,"param_name":"svc_gamma","param_value_internal":0,"distribution":"{\"name\": \"CategoricalDistribution\", \"attributes\": {\"choices\": [\"scale\", \"auto\"]}}"}
{"op_code":5,"worker_id":"b47255cf-fb86-4bab-b6be-4da0dc2256f0-134353615054528","trial_id":3,"param_name":"rf_max_depth","param_value_internal":40.0,"distribution":"{\"name\": \"IntDistribution\", \"attributes\": {\"log\": false, \"step\": 10, \"low\": 10, \"high\": 50}}"}
{"op_code":5,"worker_id":"b47255cf-fb86-4bab-b6be-4da0dc2256f0-134353615054528","trial_id":3,"param_name":"rf_min_samples_split","param_value_internal":10.0,"distribution":"{\"name\": \"IntDistribution\", \"attributes\": {\"log\": false, \"step\": 1, \"low\": 2, \"high\": 10}}"}
{"op_code":5,"worker_id":"b47255cf-fb86-4bab-b6be-4da0dc2256f0-134353615054528","trial_id":3,"param_name":"rf_min_samples_leaf","param_value_internal":3.0,"distribution":"{\"name\": \"IntDistribution\", \"attributes\": {\"log\": false, \"step\": 1, \"low\": 1, \"high\": 4}}"}
{"op_code":5,"worker_id":"b47255cf-fb86-4bab-b6be-4da0dc2256f0-134353615054528","trial_id":3,"param_name":"rf_criterion","param_value_internal":1,"distribution":"{\"name\": \"CategoricalDistribution\", \"attributes\": {\"choices\": [\"gini\", \"entropy\"]}}"}
{"op_code":6,"worker_id":"b47255cf-fb86-4bab-b6be-4da0dc2256f0-134353623447232","trial_id":2,"state":1,"values":[0.0702043327043327],"datetime_complete":"2026-03-21T09:44:52.609196"}
{"op_code":4,"worker_id":"b47255cf-fb86-4bab-b6be-4da0dc2256f0-134353623447232","study_id":0,"datetime_start":"2026-03-21T09:44:52.617549"}
{"op_code":5,"worker_id":"b47255cf-fb86-4bab-b6be-4da0dc2256f0-134353623447232","trial_id":4,"param_name":"classifier","param_value_internal":2,"distribution":"{\"name\": \"CategoricalDistribution\", \"attributes\": {\"choices\": [\"LogisticRegression\", \"RandomForestClassifier\", \"SVC\"]}}"}
{"op_code":5,"worker_id":"b47255cf-fb86-4bab-b6be-4da0dc2256f0-134353623447232","trial_id":4,"param_name":"svc_c","param_value_internal":2.128204954689794,"distribution":"{\"name\": \"FloatDistribution\", \"attributes\": {\"step\": null, \"low\": 0.01, \"high\": 100.0, \"log\": true}}"}
{"op_code":5,"worker_id":"b47255cf-fb86-4bab-b6be-4da0dc2256f0-134353623447232","trial_id":4,"param_name":"svc_kernel","param_value_internal":1,"distribution":"{\"name\": \"CategoricalDistribution\", \"attributes\": {\"choices\": [\"linear\", \"rbf\", \"poly\", \"sigmoid\"]}}"}
{"op_code":5,"worker_id":"b47255cf-fb86-4bab-b6be-4da0dc2256f0-134353623447232","trial_id":4,"param_name":"svc_gamma","param_value_internal":0,"distribution":"{\"name\": \"CategoricalDistribution\", \"attributes\": {\"choices\": [\"scale\", \"auto\"]}}"}
{"op_code":6,"worker_id":"b47255cf-fb86-4bab-b6be-4da0dc2256f0-134353705735872","trial_id":1,"state":1,"values":[0.11668539793539794],"datetime_complete":"2026-03-21T09:44:53.158816"}
{"op_code":4,"worker_id":"b47255cf-fb86-4bab-b6be-4da0dc2256f0-134353705735872","study_id":0,"datetime_start":"2026-03-21T09:44:53.168243"}
{"op_code":5,"worker_id":"b47255cf-fb86-4bab-b6be-4da0dc2256f0-134353705735872","trial_id":5,"param_name":"classifier","param_value_internal":1,"distribution":"{\"name\": \"CategoricalDistribution\", \"attributes\": {\"choices\": [\"LogisticRegression\", \"RandomForestClassifier\", \"SVC\"]}}"}
{"op_code":5,"worker_id":"b47255cf-fb86-4bab-b6be-4da0dc2256f0-134353705735872","trial_id":5,"param_name":"rf_estimators","param_value_internal":200.0,"distribution":"{\"name\": \"IntDistribution\", \"attributes\": {\"log\": false, \"step\": 100, \"low\": 100, \"high\": 500}}"}
{"op_code":5,"worker_id":"b47255cf-fb86-4bab-b6be-4da0dc2256f0-134353705735872","trial_id":5,"param_name":"rf_max_features","param_value_internal":1,"distribution":"{\"name\": \"CategoricalDistribution\", \"attributes\": {\"choices\": [\"sqrt\", \"log2\"]}}"}
{"op_code":5,"worker_id":"b47255cf-fb86-4bab-b6be-4da0dc2256f0-134353705735872","trial_id":5,"param_name":"rf_max_depth","param_value_internal":50.0,"distribution":"{\"name\": \"IntDistribution\", \"attributes\": {\"log\": false, \"step\": 10, \"low\": 10, \"high\": 50}}"}
{"op_code":5,"worker_id":"b47255cf-fb86-4bab-b6be-4da0dc2256f0-134353705735872","trial_id":5,"param_name":"rf_min_samples_split","param_value_internal":9.0,"distribution":"{\"name\": \"IntDistribution\", \"attributes\": {\"log\": false, \"step\": 1, \"low\": 2, \"high\": 10}}"}
{"op_code":5,"worker_id":"b47255cf-fb86-4bab-b6be-4da0dc2256f0-134353705735872","trial_id":5,"param_name":"rf_min_samples_leaf","param_value_internal":4.0,"distribution":"{\"name\": \"IntDistribution\", \"attributes\": {\"log\": false, \"step\": 1, \"low\": 1, \"high\": 4}}"}
{"op_code":5,"worker_id":"b47255cf-fb86-4bab-b6be-4da0dc2256f0-134353705735872","trial_id":5,"param_name":"rf_criterion","param_value_internal":1,"distribution":"{\"name\": \"CategoricalDistribution\", \"attributes\": {\"choices\": [\"gini\", \"entropy\"]}}"}
{"op_code":6,"worker_id":"b47255cf-fb86-4bab-b6be-4da0dc2256f0-134353623447232","trial_id":4,"state":1,"values":[0.119570321653655],"datetime_complete":"2026-03-21T09:44:59.256265"}
{"op_code":4,"worker_id":"b47255cf-fb86-4bab-b6be-4da0dc2256f0-134353623447232","study_id":0,"datetime_start":"2026-03-21T09:44:59.270266"}
{"op_code":5,"worker_id":"b47255cf-fb86-4bab-b6be-4da0dc2256f0-134353623447232","trial_id":6,"param_name":"classifier","param_value_internal":1,"distribution":"{\"name\": \"CategoricalDistribution\", \"attributes\": {\"choices\": [\"LogisticRegression\", \"RandomForestClassifier\", \"SVC\"]}}"}
{"op_code":5,"worker_id":"b47255cf-fb86-4bab-b6be-4da0dc2256f0-134353623447232","trial_id":6,"param_name":"rf_estimators","param_value_internal":100.0,"distribution":"{\"name\": \"IntDistribution\", \"attributes\": {\"log\": false, \"step\": 100, \"low\": 100, \"high\": 500}}"}
{"op_code":5,"worker_id":"b47255cf-fb86-4bab-b6be-4da0dc2256f0-134353623447232","trial_id":6,"param_name":"rf_max_features","param_value_internal":0,"distribution":"{\"name\": \"CategoricalDistribution\", \"attributes\": {\"choices\": [\"sqrt\", \"log2\"]}}"}
{"op_code":5,"worker_id":"b47255cf-fb86-4bab-b6be-4da0dc2256f0-134353623447232","trial_id":6,"param_name":"rf_max_depth","param_value_internal":10.0,"distribution":"{\"name\": \"IntDistribution\", \"attributes\": {\"log\": false, \"step\": 10, \"low\": 10, \"high\": 50}}"}
{"op_code":5,"worker_id":"b47255cf-fb86-4bab-b6be-4da0dc2256f0-134353623447232","trial_id":6,"param_name":"rf_min_samples_split","param_value_internal":3.0,"distribution":"{\"name\": \"IntDistribution\", \"attributes\": {\"log\": false, \"step\": 1, \"low\": 2, \"high\": 10}}"}
{"op_code":5,"worker_id":"b47255cf-fb86-4bab-b6be-4da0dc2256f0-134353623447232","trial_id":6,"param_name":"rf_min_samples_leaf","param_value_internal":2.0,"distribution":"{\"name\": \"IntDistribution\", \"attributes\": {\"log\": false, \"step\": 1, \"low\": 1, \"high\": 4}}"}
{"op_code":5,"worker_id":"b47255cf-fb86-4bab-b6be-4da0dc2256f0-134353623447232","trial_id":6,"param_name":"rf_criterion","param_value_internal":0,"distribution":"{\"name\": \"CategoricalDistribution\", \"attributes\": {\"choices\": [\"gini\", \"entropy\"]}}"}
{"op_code":6,"worker_id":"b47255cf-fb86-4bab-b6be-4da0dc2256f0-134353623447232","trial_id":6,"state":1,"values":[0.5170703524870192],"datetime_complete":"2026-03-21T09:45:04.469374"}
{"op_code":4,"worker_id":"b47255cf-fb86-4bab-b6be-4da0dc2256f0-134353623447232","study_id":0,"datetime_start":"2026-03-21T09:45:04.480205"}
{"op_code":5,"worker_id":"b47255cf-fb86-4bab-b6be-4da0dc2256f0-134353623447232","trial_id":7,"param_name":"classifier","param_value_internal":1,"distribution":"{\"name\": \"CategoricalDistribution\", \"attributes\": {\"choices\": [\"LogisticRegression\", \"RandomForestClassifier\", \"SVC\"]}}"}
{"op_code":5,"worker_id":"b47255cf-fb86-4bab-b6be-4da0dc2256f0-134353623447232","trial_id":7,"param_name":"rf_estimators","param_value_internal":100.0,"distribution":"{\"name\": \"IntDistribution\", \"attributes\": {\"log\": false, \"step\": 100, \"low\": 100, \"high\": 500}}"}
{"op_code":5,"worker_id":"b47255cf-fb86-4bab-b6be-4da0dc2256f0-134353623447232","trial_id":7,"param_name":"rf_max_features","param_value_internal":0,"distribution":"{\"name\": \"CategoricalDistribution\", \"attributes\": {\"choices\": [\"sqrt\", \"log2\"]}}"}
{"op_code":5,"worker_id":"b47255cf-fb86-4bab-b6be-4da0dc2256f0-134353623447232","trial_id":7,"param_name":"rf_max_depth","param_value_internal":20.0,"distribution":"{\"name\": \"IntDistribution\", \"attributes\": {\"log\": false, \"step\": 10, \"low\": 10, \"high\": 50}}"}
{"op_code":5,"worker_id":"b47255cf-fb86-4bab-b6be-4da0dc2256f0-134353623447232","trial_id":7,"param_name":"rf_min_samples_split","param_value_internal":2.0,"distribution":"{\"name\": \"IntDistribution\", \"attributes\": {\"log\": false, \"step\": 1, \"low\": 2, \"high\": 10}}"}
{"op_code":5,"worker_id":"b47255cf-fb86-4bab-b6be-4da0dc2256f0-134353623447232","trial_id":7,"param_name":"rf_min_samples_leaf","param_value_internal":1.0,"distribution":"{\"name\": \"IntDistribution\", \"attributes\": {\"log\": false, \"step\": 1, \"low\": 1, \"high\": 4}}"}
{"op_code":5,"worker_id":"b47255cf-fb86-4bab-b6be-4da0dc2256f0-134353623447232","trial_id":7,"param_name":"rf_criterion","param_value_internal":1,"distribution":"{\"name\": \"CategoricalDistribution\", \"attributes\": {\"choices\": [\"gini\", \"entropy\"]}}"}
{"op_code":6,"worker_id":"b47255cf-fb86-4bab-b6be-4da0dc2256f0-134353705735872","trial_id":5,"state":1,"values":[0.5302142302142302],"datetime_complete":"2026-03-21T09:45:12.424507"}
{"op_code":4,"worker_id":"b47255cf-fb86-4bab-b6be-4da0dc2256f0-134353705735872","study_id":0,"datetime_start":"2026-03-21T09:45:12.437550"}
{"op_code":5,"worker_id":"b47255cf-fb86-4bab-b6be-4da0dc2256f0-134353705735872","trial_id":8,"param_name":"classifier","param_value_internal":2,"distribution":"{\"name\": \"CategoricalDistribution\", \"attributes\": {\"choices\": [\"LogisticRegression\", \"RandomForestClassifier\", \"SVC\"]}}"}
{"op_code":5,"worker_id":"b47255cf-fb86-4bab-b6be-4da0dc2256f0-134353705735872","trial_id":8,"param_name":"svc_c","param_value_internal":1.0245623892744027,"distribution":"{\"name\": \"FloatDistribution\", \"attributes\": {\"step\": null, \"low\": 0.01, \"high\": 100.0, \"log\": true}}"}
{"op_code":5,"worker_id":"b47255cf-fb86-4bab-b6be-4da0dc2256f0-134353705735872","trial_id":8,"param_name":"svc_kernel","param_value_internal":3,"distribution":"{\"name\": \"CategoricalDistribution\", \"attributes\": {\"choices\": [\"linear\", \"rbf\", \"poly\", \"sigmoid\"]}}"}
{"op_code":5,"worker_id":"b47255cf-fb86-4bab-b6be-4da0dc2256f0-134353705735872","trial_id":8,"param_name":"svc_gamma","param_value_internal":1,"distribution":"{\"name\": \"CategoricalDistribution\", \"attributes\": {\"choices\": [\"scale\", \"auto\"]}}"}
{"op_code":6,"worker_id":"b47255cf-fb86-4bab-b6be-4da0dc2256f0-134353623447232","trial_id":7,"state":1,"values":[0.5505701859868527],"datetime_complete":"2026-03-21T09:45:16.601794"}
{"op_code":4,"worker_id":"b47255cf-fb86-4bab-b6be-4da0dc2256f0-134353623447232","study_id":0,"datetime_start":"2026-03-21T09:45:16.612215"}
{"op_code":5,"worker_id":"b47255cf-fb86-4bab-b6be-4da0dc2256f0-134353623447232","trial_id":9,"param_name":"classifier","param_value_internal":1,"distribution":"{\"name\": \"CategoricalDistribution\", \"attributes\": {\"choices\": [\"LogisticRegression\", \"RandomForestClassifier\", \"SVC\"]}}"}
{"op_code":5,"worker_id":"b47255cf-fb86-4bab-b6be-4da0dc2256f0-134353623447232","trial_id":9,"param_name":"rf_estimators","param_value_internal":200.0,"distribution":"{\"name\": \"IntDistribution\", \"attributes\": {\"log\": false, \"step\": 100, \"low\": 100, \"high\": 500}}"}
{"op_code":5,"worker_id":"b47255cf-fb86-4bab-b6be-4da0dc2256f0-134353623447232","trial_id":9,"param_name":"rf_max_features","param_value_internal":0,"distribution":"{\"name\": \"CategoricalDistribution\", \"attributes\": {\"choices\": [\"sqrt\", \"log2\"]}}"}
{"op_code":5,"worker_id":"b47255cf-fb86-4bab-b6be-4da0dc2256f0-134353623447232","trial_id":9,"param_name":"rf_max_depth","param_value_internal":40.0,"distribution":"{\"name\": \"IntDistribution\", \"attributes\": {\"log\": false, \"step\": 10, \"low\": 10, \"high\": 50}}"}
{"op_code":5,"worker_id":"b47255cf-fb86-4bab-b6be-4da0dc2256f0-134353623447232","trial_id":9,"param_name":"rf_min_samples_split","param_value_internal":7.0,"distribution":"{\"name\": \"IntDistribution\", \"attributes\": {\"log\": false, \"step\": 1, \"low\": 2, \"high\": 10}}"}
{"op_code":5,"worker_id":"b47255cf-fb86-4bab-b6be-4da0dc2256f0-134353623447232","trial_id":9,"param_name":"rf_min_samples_leaf","param_value_internal":4.0,"distribution":"{\"name\": \"IntDistribution\", \"attributes\": {\"log\": false, \"step\": 1, \"low\": 1, \"high\": 4}}"}
{"op_code":5,"worker_id":"b47255cf-fb86-4bab-b6be-4da0dc2256f0-134353623447232","trial_id":9,"param_name":"rf_criterion","param_value_internal":0,"distribution":"{\"name\": \"CategoricalDistribution\", \"attributes\": {\"choices\": [\"gini\", \"entropy\"]}}"}
{"op_code":6,"worker_id":"b47255cf-fb86-4bab-b6be-4da0dc2256f0-134353705735872","trial_id":8,"state":1,"values":[0.11668539793539794],"datetime_complete":"2026-03-21T09:45:16.973479"}
{"op_code":4,"worker_id":"b47255cf-fb86-4bab-b6be-4da0dc2256f0-134353705735872","study_id":0,"datetime_start":"2026-03-21T09:45:16.981140"}
{"op_code":5,"worker_id":"b47255cf-fb86-4bab-b6be-4da0dc2256f0-134353705735872","trial_id":10,"param_name":"classifier","param_value_internal":2,"distribution":"{\"name\": \"CategoricalDistribution\", \"attributes\": {\"choices\": [\"LogisticRegression\", \"RandomForestClassifier\", \"SVC\"]}}"}
{"op_code":5,"worker_id":"b47255cf-fb86-4bab-b6be-4da0dc2256f0-134353705735872","trial_id":10,"param_name":"svc_c","param_value_internal":0.44224419433240086,"distribution":"{\"name\": \"FloatDistribution\", \"attributes\": {\"step\": null, \"low\": 0.01, \"high\": 100.0, \"log\": true}}"}
{"op_code":5,"worker_id":"b47255cf-fb86-4bab-b6be-4da0dc2256f0-134353705735872","trial_id":10,"param_name":"svc_kernel","param_value_internal":1,"distribution":"{\"name\": \"CategoricalDistribution\", \"attributes\": {\"choices\": [\"linear\", \"rbf\", \"poly\", \"sigmoid\"]}}"}
{"op_code":5,"worker_id":"b47255cf-fb86-4bab-b6be-4da0dc2256f0-134353705735872","trial_id":10,"param_name":"svc_gamma","param_value_internal":1,"distribution":"{\"name\": \"CategoricalDistribution\", \"attributes\": {\"choices\": [\"scale\", \"auto\"]}}"}
{"op_code":6,"worker_id":"b47255cf-fb86-4bab-b6be-4da0dc2256f0-134353705735872","trial_id":10,"state":1,"values":[0.3875639021472355],"datetime_complete":"2026-03-21T09:45:25.166932"}
{"op_code":4,"worker_id":"b47255cf-fb86-4bab-b6be-4da0dc2256f0-134353705735872","study_id":0,"datetime_start":"2026-03-21T09:45:25.173391"}
{"op_code":5,"worker_id":"b47255cf-fb86-4bab-b6be-4da0dc2256f0-134353705735872","trial_id":11,"param_name":"classifier","param_value_internal":2,"distribution":"{\"name\": \"CategoricalDistribution\", \"attributes\": {\"choices\": [\"LogisticRegression\", \"RandomForestClassifier\", \"SVC\"]}}"}
{"op_code":5,"worker_id":"b47255cf-fb86-4bab-b6be-4da0dc2256f0-134353705735872","trial_id":11,"param_name":"svc_c","param_value_internal":0.1967655461682207,"distribution":"{\"name\": \"FloatDistribution\", \"attributes\": {\"step\": null, \"low\": 0.01, \"high\": 100.0, \"log\": true}}"}
{"op_code":5,"worker_id":"b47255cf-fb86-4bab-b6be-4da0dc2256f0-134353705735872","trial_id":11,"param_name":"svc_kernel","param_value_internal":2,"distribution":"{\"name\": \"CategoricalDistribution\", \"attributes\": {\"choices\": [\"linear\", \"rbf\", \"poly\", \"sigmoid\"]}}"}
{"op_code":5,"worker_id":"b47255cf-fb86-4bab-b6be-4da0dc2256f0-134353705735872","trial_id":11,"param_name":"svc_gamma","param_value_internal":0,"distribution":"{\"name\": \"CategoricalDistribution\", \"attributes\": {\"choices\": [\"scale\", \"auto\"]}}"}
{"op_code":6,"worker_id":"b47255cf-fb86-4bab-b6be-4da0dc2256f0-134353623447232","trial_id":9,"state":1,"values":[0.5300535113035113],"datetime_complete":"2026-03-21T09:45:25.933126"}
{"op_code":4,"worker_id":"b47255cf-fb86-4bab-b6be-4da0dc2256f0-134353623447232","study_id":0,"datetime_start":"2026-03-21T09:45:25.940633"}
{"op_code":5,"worker_id":"b47255cf-fb86-4bab-b6be-4da0dc2256f0-134353623447232","trial_id":12,"param_name":"classifier","param_value_internal":2,"distribution":"{\"name\": \"CategoricalDistribution\", \"attributes\": {\"choices\": [\"LogisticRegression\", \"RandomForestClassifier\", \"SVC\"]}}"}
{"op_code":5,"worker_id":"b47255cf-fb86-4bab-b6be-4da0dc2256f0-134353623447232","trial_id":12,"param_name":"svc_c","param_value_internal":20.39200795429524,"distribution":"{\"name\": \"FloatDistribution\", \"attributes\": {\"step\": null, \"low\": 0.01, \"high\": 100.0, \"log\": true}}"}
{"op_code":5,"worker_id":"b47255cf-fb86-4bab-b6be-4da0dc2256f0-134353623447232","trial_id":12,"param_name":"svc_kernel","param_value_internal":3,"distribution":"{\"name\": \"CategoricalDistribution\", \"attributes\": {\"choices\": [\"linear\", \"rbf\", \"poly\", \"sigmoid\"]}}"}
{"op_code":5,"worker_id":"b47255cf-fb86-4bab-b6be-4da0dc2256f0-134353623447232","trial_id":12,"param_name":"svc_gamma","param_value_internal":1,"distribution":"{\"name\": \"CategoricalDistribution\", \"attributes\": {\"choices\": [\"scale\", \"auto\"]}}"}
{"op_code":6,"worker_id":"b47255cf-fb86-4bab-b6be-4da0dc2256f0-134353705735872","trial_id":11,"state":1,"values":[0.11668539793539794],"datetime_complete":"2026-03-21T09:45:30.004283"}
{"op_code":4,"worker_id":"b47255cf-fb86-4bab-b6be-4da0dc2256f0-134353705735872","study_id":0,"datetime_start":"2026-03-21T09:45:30.014714"}
{"op_code":5,"worker_id":"b47255cf-fb86-4bab-b6be-4da0dc2256f0-134353705735872","trial_id":13,"param_name":"classifier","param_value_internal":0,"distribution":"{\"name\": \"CategoricalDistribution\", \"attributes\": {\"choices\": [\"LogisticRegression\", \"RandomForestClassifier\", \"SVC\"]}}"}
{"op_code":5,"worker_id":"b47255cf-fb86-4bab-b6be-4da0dc2256f0-134353705735872","trial_id":13,"param_name":"lr_c","param_value_internal":176.5763921420135,"distribution":"{\"name\": \"FloatDistribution\", \"attributes\": {\"step\": null, \"low\": 0.0001, \"high\": 10000.0, \"log\": true}}"}
{"op_code":5,"worker_id":"b47255cf-fb86-4bab-b6be-4da0dc2256f0-134353705735872","trial_id":13,"param_name":"lr_solver","param_value_internal":2,"distribution":"{\"name\": \"CategoricalDistribution\", \"attributes\": {\"choices\": [\"liblinear\", \"lbfgs\", \"saga\"]}}"}
{"op_code":5,"worker_id":"b47255cf-fb86-4bab-b6be-4da0dc2256f0-134353705735872","trial_id":13,"param_name":"lr_penalty","param_value_internal":1,"distribution":"{\"name\": \"CategoricalDistribution\", \"attributes\": {\"choices\": [\"l1\", \"l2\"]}}"}
{"op_code":5,"worker_id":"b47255cf-fb86-4bab-b6be-4da0dc2256f0-134353705735872","trial_id":13,"param_name":"lr_max_iter","param_value_internal":100.0,"distribution":"{\"name\": \"IntDistribution\", \"attributes\": {\"log\": false, \"step\": 100, \"low\": 100, \"high\": 1000}}"}
{"op_code":6,"worker_id":"b47255cf-fb86-4bab-b6be-4da0dc2256f0-134353623447232","trial_id":12,"state":1,"values":[0.11668539793539794],"datetime_complete":"2026-03-21T09:45:30.910400"}
{"op_code":4,"worker_id":"b47255cf-fb86-4bab-b6be-4da0dc2256f0-134353623447232","study_id":0,"datetime_start":"2026-03-21T09:45:30.915757"}
{"op_code":5,"worker_id":"b47255cf-fb86-4bab-b6be-4da0dc2256f0-134353623447232","trial_id":14,"param_name":"classifier","param_value_internal":1,"distribution":"{\"name\": \"CategoricalDistribution\", \"attributes\": {\"choices\": [\"LogisticRegression\", \"RandomForestClassifier\", \"SVC\"]}}"}
{"op_code":5,"worker_id":"b47255cf-fb86-4bab-b6be-4da0dc2256f0-134353623447232","trial_id":14,"param_name":"rf_estimators","param_value_internal":200.0,"distribution":"{\"name\": \"IntDistribution\", \"attributes\": {\"log\": false, \"step\": 100, \"low\": 100, \"high\": 500}}"}
{"op_code":5,"worker_id":"b47255cf-fb86-4bab-b6be-4da0dc2256f0-134353623447232","trial_id":14,"param_name":"rf_max_features","param_value_internal":1,"distribution":"{\"name\": \"CategoricalDistribution\", \"attributes\": {\"choices\": [\"sqrt\", \"log2\"]}}"}
{"op_code":5,"worker_id":"b47255cf-fb86-4bab-b6be-4da0dc2256f0-134353623447232","trial_id":14,"param_name":"rf_max_depth","param_value_internal":50.0,"distribution":"{\"name\": \"IntDistribution\", \"attributes\": {\"log\": false, \"step\": 10, \"low\": 10, \"high\": 50}}"}
{"op_code":5,"worker_id":"b47255cf-fb86-4bab-b6be-4da0dc2256f0-134353623447232","trial_id":14,"param_name":"rf_min_samples_split","param_value_internal":9.0,"distribution":"{\"name\": \"IntDistribution\", \"attributes\": {\"log\": false, \"step\": 1, \"low\": 2, \"high\": 10}}"}
{"op_code":5,"worker_id":"b47255cf-fb86-4bab-b6be-4da0dc2256f0-134353623447232","trial_id":14,"param_name":"rf_min_samples_leaf","param_value_internal":1.0,"distribution":"{\"name\": \"IntDistribution\", \"attributes\": {\"log\": false, \"step\": 1, \"low\": 1, \"high\": 4}}"}
{"op_code":5,"worker_id":"b47255cf-fb86-4bab-b6be-4da0dc2256f0-134353623447232","trial_id":14,"param_name":"rf_criterion","param_value_internal":1,"distribution":"{\"name\": \"CategoricalDistribution\", \"attributes\": {\"choices\": [\"gini\", \"entropy\"]}}"}
{"op_code":6,"worker_id":"b47255cf-fb86-4bab-b6be-4da0dc2256f0-134353705735872","trial_id":13,"state":1,"values":[0.11668539793539794],"datetime_complete":"2026-03-21T09:45:34.776187"}
{"op_code":4,"worker_id":"b47255cf-fb86-4bab-b6be-4da0dc2256f0-134353705735872","study_id":0,"datetime_start":"2026-03-21T09:45:34.784471"}
{"op_code":5,"worker_id":"b47255cf-fb86-4bab-b6be-4da0dc2256f0-134353705735872","trial_id":15,"param_name":"classifier","param_value_internal":1,"distribution":"{\"name\": \"CategoricalDistribution\", \"attributes\": {\"choices\": [\"LogisticRegression\", \"RandomForestClassifier\", \"SVC\"]}}"}
{"op_code":5,"worker_id":"b47255cf-fb86-4bab-b6be-4da0dc2256f0-134353705735872","trial_id":15,"param_name":"rf_estimators","param_value_internal":100.0,"distribution":"{\"name\": \"IntDistribution\", \"attributes\": {\"log\": false, \"step\": 100, \"low\": 100, \"high\": 500}}"}
{"op_code":5,"worker_id":"b47255cf-fb86-4bab-b6be-4da0dc2256f0-134353705735872","trial_id":15,"param_name":"rf_max_features","param_value_internal":1,"distribution":"{\"name\": \"CategoricalDistribution\", \"attributes\": {\"choices\": [\"sqrt\", \"log2\"]}}"}
{"op_code":5,"worker_id":"b47255cf-fb86-4bab-b6be-4da0dc2256f0-134353705735872","trial_id":15,"param_name":"rf_max_depth","param_value_internal":50.0,"distribution":"{\"name\": \"IntDistribution\", \"attributes\": {\"log\": false, \"step\": 10, \"low\": 10, \"high\": 50}}"}
{"op_code":5,"worker_id":"b47255cf-fb86-4bab-b6be-4da0dc2256f0-134353705735872","trial_id":15,"param_name":"rf_min_samples_split","param_value_internal":10.0,"distribution":"{\"name\": \"IntDistribution\", \"attributes\": {\"log\": false, \"step\": 1, \"low\": 2, \"high\": 10}}"}
{"op_code":5,"worker_id":"b47255cf-fb86-4bab-b6be-4da0dc2256f0-134353705735872","trial_id":15,"param_name":"rf_min_samples_leaf","param_value_internal":1.0,"distribution":"{\"name\": \"IntDistribution\", \"attributes\": {\"log\": false, \"step\": 1, \"low\": 1, \"high\": 4}}"}
{"op_code":5,"worker_id":"b47255cf-fb86-4bab-b6be-4da0dc2256f0-134353705735872","trial_id":15,"param_name":"rf_criterion","param_value_internal":1,"distribution":"{\"name\": \"CategoricalDistribution\", \"attributes\": {\"choices\": [\"gini\", \"entropy\"]}}"}
{"op_code":6,"worker_id":"b47255cf-fb86-4bab-b6be-4da0dc2256f0-134353615054528","trial_id":3,"state":1,"values":[0.5334195896695896],"datetime_complete":"2026-03-21T09:45:43.445337"}
{"op_code":4,"worker_id":"b47255cf-fb86-4bab-b6be-4da0dc2256f0-134353615054528","study_id":0,"datetime_start":"2026-03-21T09:45:43.453422"}
{"op_code":5,"worker_id":"b47255cf-fb86-4bab-b6be-4da0dc2256f0-134353615054528","trial_id":16,"param_name":"classifier","param_value_internal":1,"distribution":"{\"name\": \"CategoricalDistribution\", \"attributes\": {\"choices\": [\"LogisticRegression\", \"RandomForestClassifier\", \"SVC\"]}}"}
{"op_code":5,"worker_id":"b47255cf-fb86-4bab-b6be-4da0dc2256f0-134353615054528","trial_id":16,"param_name":"rf_estimators","param_value_internal":500.0,"distribution":"{\"name\": \"IntDistribution\", \"attributes\": {\"log\": false, \"step\": 100, \"low\": 100, \"high\": 500}}"}
{"op_code":5,"worker_id":"b47255cf-fb86-4bab-b6be-4da0dc2256f0-134353615054528","trial_id":16,"param_name":"rf_max_features","param_value_internal":0,"distribution":"{\"name\": \"CategoricalDistribution\", \"attributes\": {\"choices\": [\"sqrt\", \"log2\"]}}"}
{"op_code":5,"worker_id":"b47255cf-fb86-4bab-b6be-4da0dc2256f0-134353615054528","trial_id":16,"param_name":"rf_max_depth","param_value_internal":20.0,"distribution":"{\"name\": \"IntDistribution\", \"attributes\": {\"log\": false, \"step\": 10, \"low\": 10, \"high\": 50}}"}
{"op_code":5,"worker_id":"b47255cf-fb86-4bab-b6be-4da0dc2256f0-134353615054528","trial_id":16,"param_name":"rf_min_samples_split","param_value_internal":2.0,"distribution":"{\"name\": \"IntDistribution\", \"attributes\": {\"log\": false, \"step\": 1, \"low\": 2, \"high\": 10}}"}
{"op_code":5,"worker_id":"b47255cf-fb86-4bab-b6be-4da0dc2256f0-134353615054528","trial_id":16,"param_name":"rf_min_samples_leaf","param_value_internal":1.0,"distribution":"{\"name\": \"IntDistribution\", \"attributes\": {\"log\": false, \"step\": 1, \"low\": 1, \"high\": 4}}"}
{"op_code":5,"worker_id":"b47255cf-fb86-4bab-b6be-4da0dc2256f0-134353615054528","trial_id":16,"param_name":"rf_criterion","param_value_internal":1,"distribution":"{\"name\": \"CategoricalDistribution\", \"attributes\": {\"choices\": [\"gini\", \"entropy\"]}}"}
{"op_code":6,"worker_id":"b47255cf-fb86-4bab-b6be-4da0dc2256f0-134353705735872","trial_id":15,"state":1,"values":[0.5329390516890516],"datetime_complete":"2026-03-21T09:45:43.952119"}
{"op_code":4,"worker_id":"b47255cf-fb86-4bab-b6be-4da0dc2256f0-134353705735872","study_id":0,"datetime_start":"2026-03-21T09:45:43.960587"}
{"op_code":5,"worker_id":"b47255cf-fb86-4bab-b6be-4da0dc2256f0-134353705735872","trial_id":17,"param_name":"classifier","param_value_internal":1,"distribution":"{\"name\": \"CategoricalDistribution\", \"attributes\": {\"choices\": [\"LogisticRegression\", \"RandomForestClassifier\", \"SVC\"]}}"}
{"op_code":5,"worker_id":"b47255cf-fb86-4bab-b6be-4da0dc2256f0-134353705735872","trial_id":17,"param_name":"rf_estimators","param_value_internal":500.0,"distribution":"{\"name\": \"IntDistribution\", \"attributes\": {\"log\": false, \"step\": 100, \"low\": 100, \"high\": 500}}"}
{"op_code":5,"worker_id":"b47255cf-fb86-4bab-b6be-4da0dc2256f0-134353705735872","trial_id":17,"param_name":"rf_max_features","param_value_internal":0,"distribution":"{\"name\": \"CategoricalDistribution\", \"attributes\": {\"choices\": [\"sqrt\", \"log2\"]}}"}
{"op_code":5,"worker_id":"b47255cf-fb86-4bab-b6be-4da0dc2256f0-134353705735872","trial_id":17,"param_name":"rf_max_depth","param_value_internal":20.0,"distribution":"{\"name\": \"IntDistribution\", \"attributes\": {\"log\": false, \"step\": 10, \"low\": 10, \"high\": 50}}"}
{"op_code":5,"worker_id":"b47255cf-fb86-4bab-b6be-4da0dc2256f0-134353705735872","trial_id":17,"param_name":"rf_min_samples_split","param_value_internal":2.0,"distribution":"{\"name\": \"IntDistribution\", \"attributes\": {\"log\": false, \"step\": 1, \"low\": 2, \"high\": 10}}"}
{"op_code":5,"worker_id":"b47255cf-fb86-4bab-b6be-4da0dc2256f0-134353705735872","trial_id":17,"param_name":"rf_min_samples_leaf","param_value_internal":2.0,"distribution":"{\"name\": \"IntDistribution\", \"attributes\": {\"log\": false, \"step\": 1, \"low\": 1, \"high\": 4}}"}
{"op_code":5,"worker_id":"b47255cf-fb86-4bab-b6be-4da0dc2256f0-134353705735872","trial_id":17,"param_name":"rf_criterion","param_value_internal":1,"distribution":"{\"name\": \"CategoricalDistribution\", \"attributes\": {\"choices\": [\"gini\", \"entropy\"]}}"}
{"op_code":6,"worker_id":"b47255cf-fb86-4bab-b6be-4da0dc2256f0-134353623447232","trial_id":14,"state":1,"values":[0.5387086678753344],"datetime_complete":"2026-03-21T09:45:48.791157"}
{"op_code":4,"worker_id":"b47255cf-fb86-4bab-b6be-4da0dc2256f0-134353623447232","study_id":0,"datetime_start":"2026-03-21T09:45:48.800647"}
{"op_code":5,"worker_id":"b47255cf-fb86-4bab-b6be-4da0dc2256f0-134353623447232","trial_id":18,"param_name":"classifier","param_value_internal":0,"distribution":"{\"name\": \"CategoricalDistribution\", \"attributes\": {\"choices\": [\"LogisticRegression\", \"RandomForestClassifier\", \"SVC\"]}}"}
{"op_code":5,"worker_id":"b47255cf-fb86-4bab-b6be-4da0dc2256f0-134353623447232","trial_id":18,"param_name":"lr_c","param_value_internal":0.00011115027933347861,"distribution":"{\"name\": \"FloatDistribution\", \"attributes\": {\"step\": null, \"low\": 0.0001, \"high\": 10000.0, \"log\": true}}"}
{"op_code":5,"worker_id":"b47255cf-fb86-4bab-b6be-4da0dc2256f0-134353623447232","trial_id":18,"param_name":"lr_solver","param_value_internal":1,"distribution":"{\"name\": \"CategoricalDistribution\", \"attributes\": {\"choices\": [\"liblinear\", \"lbfgs\", \"saga\"]}}"}
{"op_code":5,"worker_id":"b47255cf-fb86-4bab-b6be-4da0dc2256f0-134353623447232","trial_id":18,"param_name":"lr_penalty","param_value_internal":0,"distribution":"{\"name\": \"CategoricalDistribution\", \"attributes\": {\"choices\": [\"l1\", \"l2\"]}}"}
{"op_code":6,"worker_id":"b47255cf-fb86-4bab-b6be-4da0dc2256f0-134353623447232","trial_id":18,"state":2,"values":null,"datetime_complete":"2026-03-21T09:45:48.835133"}
{"op_code":4,"worker_id":"b47255cf-fb86-4bab-b6be-4da0dc2256f0-134353623447232","study_id":0,"datetime_start":"2026-03-21T09:45:48.844633"}
{"op_code":5,"worker_id":"b47255cf-fb86-4bab-b6be-4da0dc2256f0-134353623447232","trial_id":19,"param_name":"classifier","param_value_internal":1,"distribution":"{\"name\": \"CategoricalDistribution\", \"attributes\": {\"choices\": [\"LogisticRegression\", \"RandomForestClassifier\", \"SVC\"]}}"}
{"op_code":5,"worker_id":"b47255cf-fb86-4bab-b6be-4da0dc2256f0-134353623447232","trial_id":19,"param_name":"rf_estimators","param_value_internal":300.0,"distribution":"{\"name\": \"IntDistribution\", \"attributes\": {\"log\": false, \"step\": 100, \"low\": 100, \"high\": 500}}"}
{"op_code":5,"worker_id":"b47255cf-fb86-4bab-b6be-4da0dc2256f0-134353623447232","trial_id":19,"param_name":"rf_max_features","param_value_internal":1,"distribution":"{\"name\": \"CategoricalDistribution\", \"attributes\": {\"choices\": [\"sqrt\", \"log2\"]}}"}
{"op_code":5,"worker_id":"b47255cf-fb86-4bab-b6be-4da0dc2256f0-134353623447232","trial_id":19,"param_name":"rf_max_depth","param_value_internal":20.0,"distribution":"{\"name\": \"IntDistribution\", \"attributes\": {\"log\": false, \"step\": 10, \"low\": 10, \"high\": 50}}"}
{"op_code":5,"worker_id":"b47255cf-fb86-4bab-b6be-4da0dc2256f0-134353623447232","trial_id":19,"param_name":"rf_min_samples_split","param_value_internal":2.0,"distribution":"{\"name\": \"IntDistribution\", \"attributes\": {\"log\": false, \"step\": 1, \"low\": 2, \"high\": 10}}"}
{"op_code":5,"worker_id":"b47255cf-fb86-4bab-b6be-4da0dc2256f0-134353623447232","trial_id":19,"param_name":"rf_min_samples_leaf","param_value_internal":1.0,"distribution":"{\"name\": \"IntDistribution\", \"attributes\": {\"log\": false, \"step\": 1, \"low\": 1, \"high\": 4}}"}
{"op_code":5,"worker_id":"b47255cf-fb86-4bab-b6be-4da0dc2256f0-134353623447232","trial_id":19,"param_name":"rf_criterion","param_value_internal":1,"distribution":"{\"name\": \"CategoricalDistribution\", \"attributes\": {\"choices\": [\"gini\", \"entropy\"]}}"}
{"op_code":6,"worker_id":"b47255cf-fb86-4bab-b6be-4da0dc2256f0-134353623447232","trial_id":19,"state":1,"values":[0.5504097754097755],"datetime_complete":"2026-03-21T09:46:20.351553"}
{"op_code":4,"worker_id":"b47255cf-fb86-4bab-b6be-4da0dc2256f0-134353623447232","study_id":0,"datetime_start":"2026-03-21T09:46:20.358061"}
{"op_code":5,"worker_id":"b47255cf-fb86-4bab-b6be-4da0dc2256f0-134353623447232","trial_id":20,"param_name":"classifier","param_value_internal":1,"distribution":"{\"name\": \"CategoricalDistribution\", \"attributes\": {\"choices\": [\"LogisticRegression\", \"RandomForestClassifier\", \"SVC\"]}}"}
{"op_code":5,"worker_id":"b47255cf-fb86-4bab-b6be-4da0dc2256f0-134353623447232","trial_id":20,"param_name":"rf_estimators","param_value_internal":400.0,"distribution":"{\"name\": \"IntDistribution\", \"attributes\": {\"log\": false, \"step\": 100, \"low\": 100, \"high\": 500}}"}
{"op_code":5,"worker_id":"b47255cf-fb86-4bab-b6be-4da0dc2256f0-134353623447232","trial_id":20,"param_name":"rf_max_features","param_value_internal":1,"distribution":"{\"name\": \"CategoricalDistribution\", \"attributes\": {\"choices\": [\"sqrt\", \"log2\"]}}"}
{"op_code":5,"worker_id":"b47255cf-fb86-4bab-b6be-4da0dc2256f0-134353623447232","trial_id":20,"param_name":"rf_max_depth","param_value_internal":20.0,"distribution":"{\"name\": \"IntDistribution\", \"attributes\": {\"log\": false, \"step\": 10, \"low\": 10, \"high\": 50}}"}
{"op_code":5,"worker_id":"b47255cf-fb86-4bab-b6be-4da0dc2256f0-134353623447232","trial_id":20,"param_name":"rf_min_samples_split","param_value_internal":2.0,"distribution":"{\"name\": \"IntDistribution\", \"attributes\": {\"log\": false, \"step\": 1, \"low\": 2, \"high\": 10}}"}
{"op_code":5,"worker_id":"b47255cf-fb86-4bab-b6be-4da0dc2256f0-134353623447232","trial_id":20,"param_name":"rf_min_samples_leaf","param_value_internal":1.0,"distribution":"{\"name\": \"IntDistribution\", \"attributes\": {\"log\": false, \"step\": 1, \"low\": 1, \"high\": 4}}"}
{"op_code":5,"worker_id":"b47255cf-fb86-4bab-b6be-4da0dc2256f0-134353623447232","trial_id":20,"param_name":"rf_criterion","param_value_internal":1,"distribution":"{\"name\": \"CategoricalDistribution\", \"attributes\": {\"choices\": [\"gini\", \"entropy\"]}}"}
{"op_code":6,"worker_id":"b47255cf-fb86-4bab-b6be-4da0dc2256f0-134353615054528","trial_id":16,"state":1,"values":[0.553614980698314],"datetime_complete":"2026-03-21T09:46:42.156076"}
{"op_code":4,"worker_id":"b47255cf-fb86-4bab-b6be-4da0dc2256f0-134353615054528","study_id":0,"datetime_start":"2026-03-21T09:46:42.160630"}
{"op_code":5,"worker_id":"b47255cf-fb86-4bab-b6be-4da0dc2256f0-134353615054528","trial_id":21,"param_name":"classifier","param_value_internal":1,"distribution":"{\"name\": \"CategoricalDistribution\", \"attributes\": {\"choices\": [\"LogisticRegression\", \"RandomForestClassifier\", \"SVC\"]}}"}
{"op_code":5,"worker_id":"b47255cf-fb86-4bab-b6be-4da0dc2256f0-134353615054528","trial_id":21,"param_name":"rf_estimators","param_value_internal":500.0,"distribution":"{\"name\": \"IntDistribution\", \"attributes\": {\"log\": false, \"step\": 100, \"low\": 100, \"high\": 500}}"}
{"op_code":5,"worker_id":"b47255cf-fb86-4bab-b6be-4da0dc2256f0-134353615054528","trial_id":21,"param_name":"rf_max_features","param_value_internal":0,"distribution":"{\"name\": \"CategoricalDistribution\", \"attributes\": {\"choices\": [\"sqrt\", \"log2\"]}}"}
{"op_code":5,"worker_id":"b47255cf-fb86-4bab-b6be-4da0dc2256f0-134353615054528","trial_id":21,"param_name":"rf_max_depth","param_value_internal":20.0,"distribution":"{\"name\": \"IntDistribution\", \"attributes\": {\"log\": false, \"step\": 10, \"low\": 10, \"high\": 50}}"}
{"op_code":5,"worker_id":"b47255cf-fb86-4bab-b6be-4da0dc2256f0-134353615054528","trial_id":21,"param_name":"rf_min_samples_split","param_value_internal":4.0,"distribution":"{\"name\": \"IntDistribution\", \"attributes\": {\"log\": false, \"step\": 1, \"low\": 2, \"high\": 10}}"}
{"op_code":5,"worker_id":"b47255cf-fb86-4bab-b6be-4da0dc2256f0-134353615054528","trial_id":21,"param_name":"rf_min_samples_leaf","param_value_internal":2.0,"distribution":"{\"name\": \"IntDistribution\", \"attributes\": {\"log\": false, \"step\": 1, \"low\": 1, \"high\": 4}}"}
{"op_code":5,"worker_id":"b47255cf-fb86-4bab-b6be-4da0dc2256f0-134353615054528","trial_id":21,"param_name":"rf_criterion","param_value_internal":1,"distribution":"{\"name\": \"CategoricalDistribution\", \"attributes\": {\"choices\": [\"gini\", \"entropy\"]}}"}
{"op_code":6,"worker_id":"b47255cf-fb86-4bab-b6be-4da0dc2256f0-134353705735872","trial_id":17,"state":1,"values":[0.5472044159544159],"datetime_complete":"2026-03-21T09:46:42.796827"}
{"op_code":4,"worker_id":"b47255cf-fb86-4bab-b6be-4da0dc2256f0-134353705735872","study_id":0,"datetime_start":"2026-03-21T09:46:42.806541"}
{"op_code":5,"worker_id":"b47255cf-fb86-4bab-b6be-4da0dc2256f0-134353705735872","trial_id":22,"param_name":"classifier","param_value_internal":0,"distribution":"{\"name\": \"CategoricalDistribution\", \"attributes\": {\"choices\": [\"LogisticRegression\", \"RandomForestClassifier\", \"SVC\"]}}"}
{"op_code":5,"worker_id":"b47255cf-fb86-4bab-b6be-4da0dc2256f0-134353705735872","trial_id":22,"param_name":"lr_c","param_value_internal":7485.1551788966135,"distribution":"{\"name\": \"FloatDistribution\", \"attributes\": {\"step\": null, \"low\": 0.0001, \"high\": 10000.0, \"log\": true}}"}
{"op_code":5,"worker_id":"b47255cf-fb86-4bab-b6be-4da0dc2256f0-134353705735872","trial_id":22,"param_name":"lr_solver","param_value_internal":0,"distribution":"{\"name\": \"CategoricalDistribution\", \"attributes\": {\"choices\": [\"liblinear\", \"lbfgs\", \"saga\"]}}"}
{"op_code":5,"worker_id":"b47255cf-fb86-4bab-b6be-4da0dc2256f0-134353705735872","trial_id":22,"param_name":"lr_penalty","param_value_internal":0,"distribution":"{\"name\": \"CategoricalDistribution\", \"attributes\": {\"choices\": [\"l1\", \"l2\"]}}"}
{"op_code":5,"worker_id":"b47255cf-fb86-4bab-b6be-4da0dc2256f0-134353705735872","trial_id":22,"param_name":"lr_max_iter","param_value_internal":1000.0,"distribution":"{\"name\": \"IntDistribution\", \"attributes\": {\"log\": false, \"step\": 100, \"low\": 100, \"high\": 1000}}"}
{"op_code":6,"worker_id":"b47255cf-fb86-4bab-b6be-4da0dc2256f0-134353705735872","trial_id":22,"state":3,"values":null,"datetime_complete":"2026-03-21T09:46:42.882674"}
{"op_code":6,"worker_id":"b47255cf-fb86-4bab-b6be-4da0dc2256f0-134353623447232","trial_id":20,"state":1,"values":[0.5500898021731355],"datetime_complete":"2026-03-21T09:46:58.987407"}
{"op_code":6,"worker_id":"b47255cf-fb86-4bab-b6be-4da0dc2256f0-134353615054528","trial_id":21,"state":1,"values":[0.5472044159544159],"datetime_complete":"2026-03-21T09:47:29.301813"}
{"op_code":0,"worker_id":"97896cba-8c58-4791-9c84-15ee38733ac7-134361433445888","study_name":"no-name-959a2783-7fa1-4495-a8bd-4e8697769ff1","directions":[2]}
{"op_code":0,"worker_id":"4924a082-c792-405a-83a7-1c82b0866c07-134361433445888","study_name":"no-name-8a9ebbdf-8e67-4139-bca4-85c8865bfa02","directions":[2]}
{"op_code":4,"worker_id":"4924a082-c792-405a-83a7-1c82b0866c07-134353615054528","study_id":2,"datetime_start":"2026-03-21T09:51:53.922626"}
{"op_code":4,"worker_id":"4924a082-c792-405a-83a7-1c82b0866c07-134353705735872","study_id":2,"datetime_start":"2026-03-21T09:51:53.929238"}
{"op_code":4,"worker_id":"4924a082-c792-405a-83a7-1c82b0866c07-134353598273216","study_id":2,"datetime_start":"2026-03-21T09:51:53.934681"}
{"op_code":4,"worker_id":"4924a082-c792-405a-83a7-1c82b0866c07-134353623447232","study_id":2,"datetime_start":"2026-03-21T09:51:53.943174"}
{"op_code":5,"worker_id":"4924a082-c792-405a-83a7-1c82b0866c07-134353598273216","trial_id":25,"param_name":"classifier","param_value_internal":2,"distribution":"{\"name\": \"CategoricalDistribution\", \"attributes\": {\"choices\": [\"LogisticRegression\", \"RandomForestClassifier\", \"SVC\"]}}"}
{"op_code":5,"worker_id":"4924a082-c792-405a-83a7-1c82b0866c07-134353615054528","trial_id":23,"param_name":"classifier","param_value_internal":2,"distribution":"{\"name\": \"CategoricalDistribution\", \"attributes\": {\"choices\": [\"LogisticRegression\", \"RandomForestClassifier\", \"SVC\"]}}"}
{"op_code":5,"worker_id":"4924a082-c792-405a-83a7-1c82b0866c07-134353615054528","trial_id":23,"param_name":"svc_c","param_value_internal":87.44801240163233,"distribution":"{\"name\": \"FloatDistribution\", \"attributes\": {\"step\": null, \"low\": 0.01, \"high\": 100.0, \"log\": true}}"}
{"op_code":5,"worker_id":"4924a082-c792-405a-83a7-1c82b0866c07-134353705735872","trial_id":24,"param_name":"classifier","param_value_internal":2,"distribution":"{\"name\": \"CategoricalDistribution\", \"attributes\": {\"choices\": [\"LogisticRegression\", \"RandomForestClassifier\", \"SVC\"]}}"}
{"op_code":5,"worker_id":"4924a082-c792-405a-83a7-1c82b0866c07-134353598273216","trial_id":25,"param_name":"svc_c","param_value_internal":0.011811659533144087,"distribution":"{\"name\": \"FloatDistribution\", \"attributes\": {\"step\": null, \"low\": 0.01, \"high\": 100.0, \"log\": true}}"}
{"op_code":5,"worker_id":"4924a082-c792-405a-83a7-1c82b0866c07-134353615054528","trial_id":23,"param_name":"svc_kernel","param_value_internal":2,"distribution":"{\"name\": \"CategoricalDistribution\", \"attributes\": {\"choices\": [\"linear\", \"rbf\", \"poly\", \"sigmoid\"]}}"}
{"op_code":5,"worker_id":"4924a082-c792-405a-83a7-1c82b0866c07-134353615054528","trial_id":23,"param_name":"svc_gamma","param_value_internal":0,"distribution":"{\"name\": \"CategoricalDistribution\", \"attributes\": {\"choices\": [\"scale\", \"auto\"]}}"}
{"op_code":6,"worker_id":"4924a082-c792-405a-83a7-1c82b0866c07-134353615054528","trial_id":23,"state":3,"values":null,"datetime_complete":"2026-03-21T09:51:53.981580"}
{"op_code":5,"worker_id":"4924a082-c792-405a-83a7-1c82b0866c07-134353623447232","trial_id":26,"param_name":"classifier","param_value_internal":2,"distribution":"{\"name\": \"CategoricalDistribution\", \"attributes\": {\"choices\": [\"LogisticRegression\", \"RandomForestClassifier\", \"SVC\"]}}"}
{"op_code":5,"worker_id":"4924a082-c792-405a-83a7-1c82b0866c07-134353623447232","trial_id":26,"param_name":"svc_c","param_value_internal":6.263389569292783,"distribution":"{\"name\": \"FloatDistribution\", \"attributes\": {\"step\": null, \"low\": 0.01, \"high\": 100.0, \"log\": true}}"}
{"op_code":5,"worker_id":"4924a082-c792-405a-83a7-1c82b0866c07-134353623447232","trial_id":26,"param_name":"svc_kernel","param_value_internal":0,"distribution":"{\"name\": \"CategoricalDistribution\", \"attributes\": {\"choices\": [\"linear\", \"rbf\", \"poly\", \"sigmoid\"]}}"}
{"op_code":5,"worker_id":"4924a082-c792-405a-83a7-1c82b0866c07-134353623447232","trial_id":26,"param_name":"svc_gamma","param_value_internal":1,"distribution":"{\"name\": \"CategoricalDistribution\", \"attributes\": {\"choices\": [\"scale\", \"auto\"]}}"}
{"op_code":5,"worker_id":"4924a082-c792-405a-83a7-1c82b0866c07-134353598273216","trial_id":25,"param_name":"svc_kernel","param_value_internal":3,"distribution":"{\"name\": \"CategoricalDistribution\", \"attributes\": {\"choices\": [\"linear\", \"rbf\", \"poly\", \"sigmoid\"]}}"}
{"op_code":5,"worker_id":"4924a082-c792-405a-83a7-1c82b0866c07-134353705735872","trial_id":24,"param_name":"svc_c","param_value_internal":0.16535897841161426,"distribution":"{\"name\": \"FloatDistribution\", \"attributes\": {\"step\": null, \"low\": 0.01, \"high\": 100.0, \"log\": true}}"}
{"op_code":5,"worker_id":"4924a082-c792-405a-83a7-1c82b0866c07-134353705735872","trial_id":24,"param_name":"svc_kernel","param_value_internal":3,"distribution":"{\"name\": \"CategoricalDistribution\", \"attributes\": {\"choices\": [\"linear\", \"rbf\", \"poly\", \"sigmoid\"]}}"}
{"op_code":5,"worker_id":"4924a082-c792-405a-83a7-1c82b0866c07-134353705735872","trial_id":24,"param_name":"svc_gamma","param_value_internal":0,"distribution":"{\"name\": \"CategoricalDistribution\", \"attributes\": {\"choices\": [\"scale\", \"auto\"]}}"}
{"op_code":5,"worker_id":"4924a082-c792-405a-83a7-1c82b0866c07-134353598273216","trial_id":25,"param_name":"svc_gamma","param_value_internal":0,"distribution":"{\"name\": \"CategoricalDistribution\", \"attributes\": {\"choices\": [\"scale\", \"auto\"]}}"}
{"op_code":6,"worker_id":"4924a082-c792-405a-83a7-1c82b0866c07-134353623447232","trial_id":26,"state":3,"values":null,"datetime_complete":"2026-03-21T09:51:54.019303"}
{"op_code":6,"worker_id":"4924a082-c792-405a-83a7-1c82b0866c07-134353705735872","trial_id":24,"state":3,"values":null,"datetime_complete":"2026-03-21T09:51:54.030994"}
{"op_code":6,"worker_id":"4924a082-c792-405a-83a7-1c82b0866c07-134353598273216","trial_id":25,"state":3,"values":null,"datetime_complete":"2026-03-21T09:51:54.039965"}
{"op_code":0,"worker_id":"68a29a8b-aeae-46e0-a351-a50e2a16fdd9-134361433445888","study_name":"no-name-534711dd-705e-4862-8d99-0dd9493b1e3d","directions":[2]}
{"op_code":4,"worker_id":"68a29a8b-aeae-46e0-a351-a50e2a16fdd9-134353598273216","study_id":3,"datetime_start":"2026-03-21T09:52:35.007080"}
{"op_code":4,"worker_id":"68a29a8b-aeae-46e0-a351-a50e2a16fdd9-134353705735872","study_id":3,"datetime_start":"2026-03-21T09:52:35.015563"}
{"op_code":5,"worker_id":"68a29a8b-aeae-46e0-a351-a50e2a16fdd9-134353705735872","trial_id":28,"param_name":"classifier","param_value_internal":2,"distribution":"{\"name\": \"CategoricalDistribution\", \"attributes\": {\"choices\": [\"LogisticRegression\", \"RandomForestClassifier\", \"SVC\"]}}"}
{"op_code":4,"worker_id":"68a29a8b-aeae-46e0-a351-a50e2a16fdd9-134353615054528","study_id":3,"datetime_start":"2026-03-21T09:52:35.028552"}
{"op_code":5,"worker_id":"68a29a8b-aeae-46e0-a351-a50e2a16fdd9-134353598273216","trial_id":27,"param_name":"classifier","param_value_internal":2,"distribution":"{\"name\": \"CategoricalDistribution\", \"attributes\": {\"choices\": [\"LogisticRegression\", \"RandomForestClassifier\", \"SVC\"]}}"}
{"op_code":4,"worker_id":"68a29a8b-aeae-46e0-a351-a50e2a16fdd9-134353623447232","study_id":3,"datetime_start":"2026-03-21T09:52:35.039174"}
{"op_code":5,"worker_id":"68a29a8b-aeae-46e0-a351-a50e2a16fdd9-134353705735872","trial_id":28,"param_name":"svc_c","param_value_internal":0.638435196187867,"distribution":"{\"name\": \"FloatDistribution\", \"attributes\": {\"step\": null, \"low\": 0.01, \"high\": 100.0, \"log\": true}}"}
{"op_code":5,"worker_id":"68a29a8b-aeae-46e0-a351-a50e2a16fdd9-134353598273216","trial_id":27,"param_name":"svc_c","param_value_internal":0.01572076225140536,"distribution":"{\"name\": \"FloatDistribution\", \"attributes\": {\"step\": null, \"low\": 0.01, \"high\": 100.0, \"log\": true}}"}
{"op_code":5,"worker_id":"68a29a8b-aeae-46e0-a351-a50e2a16fdd9-134353598273216","trial_id":27,"param_name":"svc_kernel","param_value_internal":2,"distribution":"{\"name\": \"CategoricalDistribution\", \"attributes\": {\"choices\": [\"linear\", \"rbf\", \"poly\", \"sigmoid\"]}}"}
{"op_code":5,"worker_id":"68a29a8b-aeae-46e0-a351-a50e2a16fdd9-134353598273216","trial_id":27,"param_name":"svc_gamma","param_value_internal":1,"distribution":"{\"name\": \"CategoricalDistribution\", \"attributes\": {\"choices\": [\"scale\", \"auto\"]}}"}
{"op_code":5,"worker_id":"68a29a8b-aeae-46e0-a351-a50e2a16fdd9-134353615054528","trial_id":29,"param_name":"classifier","param_value_internal":2,"distribution":"{\"name\": \"CategoricalDistribution\", \"attributes\": {\"choices\": [\"LogisticRegression\", \"RandomForestClassifier\", \"SVC\"]}}"}
{"op_code":5,"worker_id":"68a29a8b-aeae-46e0-a351-a50e2a16fdd9-134353615054528","trial_id":29,"param_name":"svc_c","param_value_internal":0.06979491958810674,"distribution":"{\"name\": \"FloatDistribution\", \"attributes\": {\"step\": null, \"low\": 0.01, \"high\": 100.0, \"log\": true}}"}
{"op_code":5,"worker_id":"68a29a8b-aeae-46e0-a351-a50e2a16fdd9-134353615054528","trial_id":29,"param_name":"svc_kernel","param_value_internal":2,"distribution":"{\"name\": \"CategoricalDistribution\", \"attributes\": {\"choices\": [\"linear\", \"rbf\", \"poly\", \"sigmoid\"]}}"}
{"op_code":5,"worker_id":"68a29a8b-aeae-46e0-a351-a50e2a16fdd9-134353623447232","trial_id":30,"param_name":"classifier","param_value_internal":2,"distribution":"{\"name\": \"CategoricalDistribution\", \"attributes\": {\"choices\": [\"LogisticRegression\", \"RandomForestClassifier\", \"SVC\"]}}"}
{"op_code":5,"worker_id":"68a29a8b-aeae-46e0-a351-a50e2a16fdd9-134353623447232","trial_id":30,"param_name":"svc_c","param_value_internal":0.7019145373696835,"distribution":"{\"name\": \"FloatDistribution\", \"attributes\": {\"step\": null, \"low\": 0.01, \"high\": 100.0, \"log\": true}}"}
{"op_code":5,"worker_id":"68a29a8b-aeae-46e0-a351-a50e2a16fdd9-134353623447232","trial_id":30,"param_name":"svc_kernel","param_value_internal":3,"distribution":"{\"name\": \"CategoricalDistribution\", \"attributes\": {\"choices\": [\"linear\", \"rbf\", \"poly\", \"sigmoid\"]}}"}
{"op_code":5,"worker_id":"68a29a8b-aeae-46e0-a351-a50e2a16fdd9-134353623447232","trial_id":30,"param_name":"svc_gamma","param_value_internal":1,"distribution":"{\"name\": \"CategoricalDistribution\", \"attributes\": {\"choices\": [\"scale\", \"auto\"]}}"}
{"op_code":5,"worker_id":"68a29a8b-aeae-46e0-a351-a50e2a16fdd9-134353615054528","trial_id":29,"param_name":"svc_gamma","param_value_internal":0,"distribution":"{\"name\": \"CategoricalDistribution\", \"attributes\": {\"choices\": [\"scale\", \"auto\"]}}"}
{"op_code":5,"worker_id":"68a29a8b-aeae-46e0-a351-a50e2a16fdd9-134353705735872","trial_id":28,"param_name":"svc_kernel","param_value_internal":0,"distribution":"{\"name\": \"CategoricalDistribution\", \"attributes\": {\"choices\": [\"linear\", \"rbf\", \"poly\", \"sigmoid\"]}}"}
{"op_code":5,"worker_id":"68a29a8b-aeae-46e0-a351-a50e2a16fdd9-134353705735872","trial_id":28,"param_name":"svc_gamma","param_value_internal":0,"distribution":"{\"name\": \"CategoricalDistribution\", \"attributes\": {\"choices\": [\"scale\", \"auto\"]}}"}
{"op_code":6,"worker_id":"68a29a8b-aeae-46e0-a351-a50e2a16fdd9-134353623447232","trial_id":30,"state":1,"values":[0.11668539793539794],"datetime_complete":"2026-03-21T09:52:39.154988"}
{"op_code":4,"worker_id":"68a29a8b-aeae-46e0-a351-a50e2a16fdd9-134353623447232","study_id":3,"datetime_start":"2026-03-21T09:52:39.169369"}
{"op_code":5,"worker_id":"68a29a8b-aeae-46e0-a351-a50e2a16fdd9-134353623447232","trial_id":31,"param_name":"classifier","param_value_internal":2,"distribution":"{\"name\": \"CategoricalDistribution\", \"attributes\": {\"choices\": [\"LogisticRegression\", \"RandomForestClassifier\", \"SVC\"]}}"}
{"op_code":5,"worker_id":"68a29a8b-aeae-46e0-a351-a50e2a16fdd9-134353623447232","trial_id":31,"param_name":"svc_c","param_value_internal":0.14355116379731597,"distribution":"{\"name\": \"FloatDistribution\", \"attributes\": {\"step\": null, \"low\": 0.01, \"high\": 100.0, \"log\": true}}"}
{"op_code":5,"worker_id":"68a29a8b-aeae-46e0-a351-a50e2a16fdd9-134353623447232","trial_id":31,"param_name":"svc_kernel","param_value_internal":2,"distribution":"{\"name\": \"CategoricalDistribution\", \"attributes\": {\"choices\": [\"linear\", \"rbf\", \"poly\", \"sigmoid\"]}}"}
{"op_code":5,"worker_id":"68a29a8b-aeae-46e0-a351-a50e2a16fdd9-134353623447232","trial_id":31,"param_name":"svc_gamma","param_value_internal":1,"distribution":"{\"name\": \"CategoricalDistribution\", \"attributes\": {\"choices\": [\"scale\", \"auto\"]}}"}
{"op_code":6,"worker_id":"68a29a8b-aeae-46e0-a351-a50e2a16fdd9-134353615054528","trial_id":29,"state":1,"values":[0.11668539793539794],"datetime_complete":"2026-03-21T09:52:44.364592"}
{"op_code":4,"worker_id":"68a29a8b-aeae-46e0-a351-a50e2a16fdd9-134353615054528","study_id":3,"datetime_start":"2026-03-21T09:52:44.375181"}
{"op_code":5,"worker_id":"68a29a8b-aeae-46e0-a351-a50e2a16fdd9-134353615054528","trial_id":32,"param_name":"classifier","param_value_internal":1,"distribution":"{\"name\": \"CategoricalDistribution\", \"attributes\": {\"choices\": [\"LogisticRegression\", \"RandomForestClassifier\", \"SVC\"]}}"}
{"op_code":5,"worker_id":"68a29a8b-aeae-46e0-a351-a50e2a16fdd9-134353615054528","trial_id":32,"param_name":"rf_estimators","param_value_internal":100.0,"distribution":"{\"name\": \"IntDistribution\", \"attributes\": {\"log\": false, \"step\": 100, \"low\": 100, \"high\": 500}}"}
{"op_code":5,"worker_id":"68a29a8b-aeae-46e0-a351-a50e2a16fdd9-134353615054528","trial_id":32,"param_name":"rf_max_features","param_value_internal":1,"distribution":"{\"name\": \"CategoricalDistribution\", \"attributes\": {\"choices\": [\"sqrt\", \"log2\"]}}"}
{"op_code":5,"worker_id":"68a29a8b-aeae-46e0-a351-a50e2a16fdd9-134353615054528","trial_id":32,"param_name":"rf_max_depth","param_value_internal":30.0,"distribution":"{\"name\": \"IntDistribution\", \"attributes\": {\"log\": false, \"step\": 10, \"low\": 10, \"high\": 50}}"}
{"op_code":5,"worker_id":"68a29a8b-aeae-46e0-a351-a50e2a16fdd9-134353615054528","trial_id":32,"param_name":"rf_min_samples_split","param_value_internal":7.0,"distribution":"{\"name\": \"IntDistribution\", \"attributes\": {\"log\": false, \"step\": 1, \"low\": 2, \"high\": 10}}"}
{"op_code":5,"worker_id":"68a29a8b-aeae-46e0-a351-a50e2a16fdd9-134353615054528","trial_id":32,"param_name":"rf_min_samples_leaf","param_value_internal":2.0,"distribution":"{\"name\": \"IntDistribution\", \"attributes\": {\"log\": false, \"step\": 1, \"low\": 1, \"high\": 4}}"}
{"op_code":5,"worker_id":"68a29a8b-aeae-46e0-a351-a50e2a16fdd9-134353615054528","trial_id":32,"param_name":"rf_criterion","param_value_internal":0,"distribution":"{\"name\": \"CategoricalDistribution\", \"attributes\": {\"choices\": [\"gini\", \"entropy\"]}}"}
{"op_code":6,"worker_id":"68a29a8b-aeae-46e0-a351-a50e2a16fdd9-134353615054528","trial_id":32,"state":1,"values":[0.5372667456000789],"datetime_complete":"2026-03-21T09:52:50.062243"}
{"op_code":4,"worker_id":"68a29a8b-aeae-46e0-a351-a50e2a16fdd9-134353615054528","study_id":3,"datetime_start":"2026-03-21T09:52:50.073193"}
{"op_code":5,"worker_id":"68a29a8b-aeae-46e0-a351-a50e2a16fdd9-134353615054528","trial_id":33,"param_name":"classifier","param_value_internal":1,"distribution":"{\"name\": \"CategoricalDistribution\", \"attributes\": {\"choices\": [\"LogisticRegression\", \"RandomForestClassifier\", \"SVC\"]}}"}
{"op_code":5,"worker_id":"68a29a8b-aeae-46e0-a351-a50e2a16fdd9-134353615054528","trial_id":33,"param_name":"rf_estimators","param_value_internal":200.0,"distribution":"{\"name\": \"IntDistribution\", \"attributes\": {\"log\": false, \"step\": 100, \"low\": 100, \"high\": 500}}"}
{"op_code":5,"worker_id":"68a29a8b-aeae-46e0-a351-a50e2a16fdd9-134353615054528","trial_id":33,"param_name":"rf_max_features","param_value_internal":0,"distribution":"{\"name\": \"CategoricalDistribution\", \"attributes\": {\"choices\": [\"sqrt\", \"log2\"]}}"}
{"op_code":5,"worker_id":"68a29a8b-aeae-46e0-a351-a50e2a16fdd9-134353615054528","trial_id":33,"param_name":"rf_max_depth","param_value_internal":40.0,"distribution":"{\"name\": \"IntDistribution\", \"attributes\": {\"log\": false, \"step\": 10, \"low\": 10, \"high\": 50}}"}
{"op_code":5,"worker_id":"68a29a8b-aeae-46e0-a351-a50e2a16fdd9-134353615054528","trial_id":33,"param_name":"rf_min_samples_split","param_value_internal":4.0,"distribution":"{\"name\": \"IntDistribution\", \"attributes\": {\"log\": false, \"step\": 1, \"low\": 2, \"high\": 10}}"}
{"op_code":5,"worker_id":"68a29a8b-aeae-46e0-a351-a50e2a16fdd9-134353615054528","trial_id":33,"param_name":"rf_min_samples_leaf","param_value_internal":4.0,"distribution":"{\"name\": \"IntDistribution\", \"attributes\": {\"log\": false, \"step\": 1, \"low\": 1, \"high\": 4}}"}
{"op_code":5,"worker_id":"68a29a8b-aeae-46e0-a351-a50e2a16fdd9-134353615054528","trial_id":33,"param_name":"rf_criterion","param_value_internal":1,"distribution":"{\"name\": \"CategoricalDistribution\", \"attributes\": {\"choices\": [\"gini\", \"entropy\"]}}"}
{"op_code":6,"worker_id":"68a29a8b-aeae-46e0-a351-a50e2a16fdd9-134353615054528","trial_id":33,"state":1,"values":[0.5335793835793835],"datetime_complete":"2026-03-21T09:53:25.658430"}
{"op_code":4,"worker_id":"68a29a8b-aeae-46e0-a351-a50e2a16fdd9-134353615054528","study_id":3,"datetime_start":"2026-03-21T09:53:25.668929"}
{"op_code":5,"worker_id":"68a29a8b-aeae-46e0-a351-a50e2a16fdd9-134353615054528","trial_id":34,"param_name":"classifier","param_value_internal":0,"distribution":"{\"name\": \"CategoricalDistribution\", \"attributes\": {\"choices\": [\"LogisticRegression\", \"RandomForestClassifier\", \"SVC\"]}}"}
{"op_code":5,"worker_id":"68a29a8b-aeae-46e0-a351-a50e2a16fdd9-134353615054528","trial_id":34,"param_name":"lr_c","param_value_internal":0.02188682263463253,"distribution":"{\"name\": \"FloatDistribution\", \"attributes\": {\"step\": null, \"low\": 0.0001, \"high\": 10000.0, \"log\": true}}"}
{"op_code":5,"worker_id":"68a29a8b-aeae-46e0-a351-a50e2a16fdd9-134353615054528","trial_id":34,"param_name":"lr_solver","param_value_internal":0,"distribution":"{\"name\": \"CategoricalDistribution\", \"attributes\": {\"choices\": [\"lbfgs\", \"saga\"]}}"}
{"op_code":5,"worker_id":"68a29a8b-aeae-46e0-a351-a50e2a16fdd9-134353615054528","trial_id":34,"param_name":"lr_penalty","param_value_internal":1,"distribution":"{\"name\": \"CategoricalDistribution\", \"attributes\": {\"choices\": [\"l1\", \"l2\"]}}"}
{"op_code":5,"worker_id":"68a29a8b-aeae-46e0-a351-a50e2a16fdd9-134353615054528","trial_id":34,"param_name":"lr_max_iter","param_value_internal":300.0,"distribution":"{\"name\": \"IntDistribution\", \"attributes\": {\"log\": false, \"step\": 100, \"low\": 100, \"high\": 1000}}"}
{"op_code":6,"worker_id":"68a29a8b-aeae-46e0-a351-a50e2a16fdd9-134353615054528","trial_id":34,"state":1,"values":[0.15675612967279634],"datetime_complete":"2026-03-21T09:54:01.122414"}
{"op_code":4,"worker_id":"68a29a8b-aeae-46e0-a351-a50e2a16fdd9-134353615054528","study_id":3,"datetime_start":"2026-03-21T09:54:01.130791"}
{"op_code":5,"worker_id":"68a29a8b-aeae-46e0-a351-a50e2a16fdd9-134353615054528","trial_id":35,"param_name":"classifier","param_value_internal":1,"distribution":"{\"name\": \"CategoricalDistribution\", \"attributes\": {\"choices\": [\"LogisticRegression\", \"RandomForestClassifier\", \"SVC\"]}}"}
{"op_code":5,"worker_id":"68a29a8b-aeae-46e0-a351-a50e2a16fdd9-134353615054528","trial_id":35,"param_name":"rf_estimators","param_value_internal":500.0,"distribution":"{\"name\": \"IntDistribution\", \"attributes\": {\"log\": false, \"step\": 100, \"low\": 100, \"high\": 500}}"}
{"op_code":5,"worker_id":"68a29a8b-aeae-46e0-a351-a50e2a16fdd9-134353615054528","trial_id":35,"param_name":"rf_max_features","param_value_internal":0,"distribution":"{\"name\": \"CategoricalDistribution\", \"attributes\": {\"choices\": [\"sqrt\", \"log2\"]}}"}
{"op_code":5,"worker_id":"68a29a8b-aeae-46e0-a351-a50e2a16fdd9-134353615054528","trial_id":35,"param_name":"rf_max_depth","param_value_internal":40.0,"distribution":"{\"name\": \"IntDistribution\", \"attributes\": {\"log\": false, \"step\": 10, \"low\": 10, \"high\": 50}}"}
{"op_code":5,"worker_id":"68a29a8b-aeae-46e0-a351-a50e2a16fdd9-134353615054528","trial_id":35,"param_name":"rf_min_samples_split","param_value_internal":10.0,"distribution":"{\"name\": \"IntDistribution\", \"attributes\": {\"log\": false, \"step\": 1, \"low\": 2, \"high\": 10}}"}
{"op_code":5,"worker_id":"68a29a8b-aeae-46e0-a351-a50e2a16fdd9-134353615054528","trial_id":35,"param_name":"rf_min_samples_leaf","param_value_internal":2.0,"distribution":"{\"name\": \"IntDistribution\", \"attributes\": {\"log\": false, \"step\": 1, \"low\": 1, \"high\": 4}}"}
{"op_code":5,"worker_id":"68a29a8b-aeae-46e0-a351-a50e2a16fdd9-134353615054528","trial_id":35,"param_name":"rf_criterion","param_value_internal":0,"distribution":"{\"name\": \"CategoricalDistribution\", \"attributes\": {\"choices\": [\"gini\", \"entropy\"]}}"}
{"op_code":6,"worker_id":"68a29a8b-aeae-46e0-a351-a50e2a16fdd9-134353615054528","trial_id":35,"state":1,"values":[0.5367851284517952],"datetime_complete":"2026-03-21T09:54:42.404114"}
{"op_code":4,"worker_id":"68a29a8b-aeae-46e0-a351-a50e2a16fdd9-134353615054528","study_id":3,"datetime_start":"2026-03-21T09:54:42.411898"}
{"op_code":5,"worker_id":"68a29a8b-aeae-46e0-a351-a50e2a16fdd9-134353615054528","trial_id":36,"param_name":"classifier","param_value_internal":0,"distribution":"{\"name\": \"CategoricalDistribution\", \"attributes\": {\"choices\": [\"LogisticRegression\", \"RandomForestClassifier\", \"SVC\"]}}"}
{"op_code":5,"worker_id":"68a29a8b-aeae-46e0-a351-a50e2a16fdd9-134353615054528","trial_id":36,"param_name":"lr_c","param_value_internal":79.44132430893053,"distribution":"{\"name\": \"FloatDistribution\", \"attributes\": {\"step\": null, \"low\": 0.0001, \"high\": 10000.0, \"log\": true}}"}
{"op_code":5,"worker_id":"68a29a8b-aeae-46e0-a351-a50e2a16fdd9-134353615054528","trial_id":36,"param_name":"lr_solver","param_value_internal":0,"distribution":"{\"name\": \"CategoricalDistribution\", \"attributes\": {\"choices\": [\"lbfgs\", \"saga\"]}}"}
{"op_code":5,"worker_id":"68a29a8b-aeae-46e0-a351-a50e2a16fdd9-134353615054528","trial_id":36,"param_name":"lr_penalty","param_value_internal":0,"distribution":"{\"name\": \"CategoricalDistribution\", \"attributes\": {\"choices\": [\"l1\", \"l2\"]}}"}
{"op_code":6,"worker_id":"68a29a8b-aeae-46e0-a351-a50e2a16fdd9-134353615054528","trial_id":36,"state":2,"values":null,"datetime_complete":"2026-03-21T09:54:42.436682"}
{"op_code":4,"worker_id":"68a29a8b-aeae-46e0-a351-a50e2a16fdd9-134353615054528","study_id":3,"datetime_start":"2026-03-21T09:54:42.443153"}
{"op_code":5,"worker_id":"68a29a8b-aeae-46e0-a351-a50e2a16fdd9-134353615054528","trial_id":37,"param_name":"classifier","param_value_internal":2,"distribution":"{\"name\": \"CategoricalDistribution\", \"attributes\": {\"choices\": [\"LogisticRegression\", \"RandomForestClassifier\", \"SVC\"]}}"}
{"op_code":5,"worker_id":"68a29a8b-aeae-46e0-a351-a50e2a16fdd9-134353615054528","trial_id":37,"param_name":"svc_c","param_value_internal":88.8340448468758,"distribution":"{\"name\": \"FloatDistribution\", \"attributes\": {\"step\": null, \"low\": 0.01, \"high\": 100.0, \"log\": true}}"}
{"op_code":5,"worker_id":"68a29a8b-aeae-46e0-a351-a50e2a16fdd9-134353615054528","trial_id":37,"param_name":"svc_kernel","param_value_internal":0,"distribution":"{\"name\": \"CategoricalDistribution\", \"attributes\": {\"choices\": [\"linear\", \"rbf\", \"poly\", \"sigmoid\"]}}"}
{"op_code":5,"worker_id":"68a29a8b-aeae-46e0-a351-a50e2a16fdd9-134353615054528","trial_id":37,"param_name":"svc_gamma","param_value_internal":1,"distribution":"{\"name\": \"CategoricalDistribution\", \"attributes\": {\"choices\": [\"scale\", \"auto\"]}}"}
{"op_code":0,"worker_id":"70b44b6b-5999-4d31-beba-7f24b49abd25-138061503940096","study_name":"no-name-d3b02f9a-4ddd-4a4f-8fff-865e4fe41408","directions":[2]}
{"op_code":4,"worker_id":"70b44b6b-5999-4d31-beba-7f24b49abd25-138060251961024","study_id":4,"datetime_start":"2026-03-21T10:03:55.732605"}
{"op_code":4,"worker_id":"70b44b6b-5999-4d31-beba-7f24b49abd25-138060242519744","study_id":4,"datetime_start":"2026-03-21T10:03:55.736895"}
{"op_code":4,"worker_id":"70b44b6b-5999-4d31-beba-7f24b49abd25-138060234127040","study_id":4,"datetime_start":"2026-03-21T10:03:55.740942"}
{"op_code":5,"worker_id":"70b44b6b-5999-4d31-beba-7f24b49abd25-138060242519744","trial_id":39,"param_name":"classifier","param_value_internal":2,"distribution":"{\"name\": \"CategoricalDistribution\", \"attributes\": {\"choices\": [\"LogisticRegression\", \"RandomForestClassifier\", \"SVC\"]}}"}
{"op_code":5,"worker_id":"70b44b6b-5999-4d31-beba-7f24b49abd25-138060242519744","trial_id":39,"param_name":"svc_c","param_value_internal":0.04791452671966238,"distribution":"{\"name\": \"FloatDistribution\", \"attributes\": {\"step\": null, \"low\": 0.01, \"high\": 100.0, \"log\": true}}"}
{"op_code":5,"worker_id":"70b44b6b-5999-4d31-beba-7f24b49abd25-138060251961024","trial_id":38,"param_name":"classifier","param_value_internal":2,"distribution":"{\"name\": \"CategoricalDistribution\", \"attributes\": {\"choices\": [\"LogisticRegression\", \"RandomForestClassifier\", \"SVC\"]}}"}
{"op_code":5,"worker_id":"70b44b6b-5999-4d31-beba-7f24b49abd25-138060251961024","trial_id":38,"param_name":"svc_c","param_value_internal":27.653887473801127,"distribution":"{\"name\": \"FloatDistribution\", \"attributes\": {\"step\": null, \"low\": 0.01, \"high\": 100.0, \"log\": true}}"}
{"op_code":5,"worker_id":"70b44b6b-5999-4d31-beba-7f24b49abd25-138060251961024","trial_id":38,"param_name":"svc_kernel","param_value_internal":0,"distribution":"{\"name\": \"CategoricalDistribution\", \"attributes\": {\"choices\": [\"linear\", \"rbf\", \"poly\", \"sigmoid\"]}}"}
{"op_code":5,"worker_id":"70b44b6b-5999-4d31-beba-7f24b49abd25-138060242519744","trial_id":39,"param_name":"svc_kernel","param_value_internal":3,"distribution":"{\"name\": \"CategoricalDistribution\", \"attributes\": {\"choices\": [\"linear\", \"rbf\", \"poly\", \"sigmoid\"]}}"}
{"op_code":5,"worker_id":"70b44b6b-5999-4d31-beba-7f24b49abd25-138060251961024","trial_id":38,"param_name":"svc_gamma","param_value_internal":1,"distribution":"{\"name\": \"CategoricalDistribution\", \"attributes\": {\"choices\": [\"scale\", \"auto\"]}}"}
{"op_code":5,"worker_id":"70b44b6b-5999-4d31-beba-7f24b49abd25-138060242519744","trial_id":39,"param_name":"svc_gamma","param_value_internal":0,"distribution":"{\"name\": \"CategoricalDistribution\", \"attributes\": {\"choices\": [\"scale\", \"auto\"]}}"}
{"op_code":6,"worker_id":"70b44b6b-5999-4d31-beba-7f24b49abd25-138060251961024","trial_id":38,"state":3,"values":null,"datetime_complete":"2026-03-21T10:03:55.769222"}
{"op_code":5,"worker_id":"70b44b6b-5999-4d31-beba-7f24b49abd25-138060234127040","trial_id":40,"param_name":"classifier","param_value_internal":2,"distribution":"{\"name\": \"CategoricalDistribution\", \"attributes\": {\"choices\": [\"LogisticRegression\", \"RandomForestClassifier\", \"SVC\"]}}"}
{"op_code":5,"worker_id":"70b44b6b-5999-4d31-beba-7f24b49abd25-138060234127040","trial_id":40,"param_name":"svc_c","param_value_internal":0.029979071043617994,"distribution":"{\"name\": \"FloatDistribution\", \"attributes\": {\"step\": null, \"low\": 0.01, \"high\": 100.0, \"log\": true}}"}
{"op_code":6,"worker_id":"70b44b6b-5999-4d31-beba-7f24b49abd25-138060242519744","trial_id":39,"state":3,"values":null,"datetime_complete":"2026-03-21T10:03:55.784569"}
{"op_code":5,"worker_id":"70b44b6b-5999-4d31-beba-7f24b49abd25-138060234127040","trial_id":40,"param_name":"svc_kernel","param_value_internal":0,"distribution":"{\"name\": \"CategoricalDistribution\", \"attributes\": {\"choices\": [\"linear\", \"rbf\", \"poly\", \"sigmoid\"]}}"}
{"op_code":5,"worker_id":"70b44b6b-5999-4d31-beba-7f24b49abd25-138060234127040","trial_id":40,"param_name":"svc_gamma","param_value_internal":1,"distribution":"{\"name\": \"CategoricalDistribution\", \"attributes\": {\"choices\": [\"scale\", \"auto\"]}}"}
{"op_code":6,"worker_id":"70b44b6b-5999-4d31-beba-7f24b49abd25-138060234127040","trial_id":40,"state":3,"values":null,"datetime_complete":"2026-03-21T10:03:55.800920"}
{"op_code":0,"worker_id":"6ca48a2e-337c-4210-8f3d-92c6ba2cee38-138061503940096","study_name":"no-name-4d2124a2-ce7a-449c-8f21-c936a2e8e46e","directions":[2]}
{"op_code":4,"worker_id":"6ca48a2e-337c-4210-8f3d-92c6ba2cee38-138053778659008","study_id":5,"datetime_start":"2026-03-21T10:04:58.563183"}
{"op_code":5,"worker_id":"6ca48a2e-337c-4210-8f3d-92c6ba2cee38-138053778659008","trial_id":41,"param_name":"classifier","param_value_internal":1,"distribution":"{\"name\": \"CategoricalDistribution\", \"attributes\": {\"choices\": [\"LogisticRegression\", \"RandomForestClassifier\", \"SVC\"]}}"}
{"op_code":4,"worker_id":"6ca48a2e-337c-4210-8f3d-92c6ba2cee38-138053761873600","study_id":5,"datetime_start":"2026-03-21T10:04:58.572709"}
{"op_code":4,"worker_id":"6ca48a2e-337c-4210-8f3d-92c6ba2cee38-138053770266304","study_id":5,"datetime_start":"2026-03-21T10:04:58.572572"}
{"op_code":5,"worker_id":"6ca48a2e-337c-4210-8f3d-92c6ba2cee38-138053778659008","trial_id":41,"param_name":"rf_estimators","param_value_internal":50.0,"distribution":"{\"name\": \"IntDistribution\", \"attributes\": {\"log\": false, \"step\": 100, \"low\": 50, \"high\": 150}}"}
{"op_code":5,"worker_id":"6ca48a2e-337c-4210-8f3d-92c6ba2cee38-138053770266304","trial_id":43,"param_name":"classifier","param_value_internal":0,"distribution":"{\"name\": \"CategoricalDistribution\", \"attributes\": {\"choices\": [\"LogisticRegression\", \"RandomForestClassifier\", \"SVC\"]}}"}
{"op_code":5,"worker_id":"6ca48a2e-337c-4210-8f3d-92c6ba2cee38-138053778659008","trial_id":41,"param_name":"rf_max_features","param_value_internal":0,"distribution":"{\"name\": \"CategoricalDistribution\", \"attributes\": {\"choices\": [\"sqrt\", \"log2\"]}}"}
{"op_code":5,"worker_id":"6ca48a2e-337c-4210-8f3d-92c6ba2cee38-138053761873600","trial_id":42,"param_name":"classifier","param_value_internal":0,"distribution":"{\"name\": \"CategoricalDistribution\", \"attributes\": {\"choices\": [\"LogisticRegression\", \"RandomForestClassifier\", \"SVC\"]}}"}
{"op_code":5,"worker_id":"6ca48a2e-337c-4210-8f3d-92c6ba2cee38-138053770266304","trial_id":43,"param_name":"lr_c","param_value_internal":379.92246674275316,"distribution":"{\"name\": \"FloatDistribution\", \"attributes\": {\"step\": null, \"low\": 0.0001, \"high\": 10000.0, \"log\": true}}"}
{"op_code":5,"worker_id":"6ca48a2e-337c-4210-8f3d-92c6ba2cee38-138053778659008","trial_id":41,"param_name":"rf_max_depth","param_value_internal":20.0,"distribution":"{\"name\": \"IntDistribution\", \"attributes\": {\"log\": false, \"step\": 10, \"low\": 10, \"high\": 50}}"}
{"op_code":5,"worker_id":"6ca48a2e-337c-4210-8f3d-92c6ba2cee38-138053761873600","trial_id":42,"param_name":"lr_c","param_value_internal":59.263908486213346,"distribution":"{\"name\": \"FloatDistribution\", \"attributes\": {\"step\": null, \"low\": 0.0001, \"high\": 10000.0, \"log\": true}}"}
{"op_code":5,"worker_id":"6ca48a2e-337c-4210-8f3d-92c6ba2cee38-138053770266304","trial_id":43,"param_name":"lr_solver","param_value_internal":1,"distribution":"{\"name\": \"CategoricalDistribution\", \"attributes\": {\"choices\": [\"lbfgs\", \"saga\"]}}"}
{"op_code":5,"worker_id":"6ca48a2e-337c-4210-8f3d-92c6ba2cee38-138053778659008","trial_id":41,"param_name":"rf_min_samples_split","param_value_internal":10.0,"distribution":"{\"name\": \"IntDistribution\", \"attributes\": {\"log\": false, \"step\": 1, \"low\": 2, \"high\": 10}}"}
{"op_code":5,"worker_id":"6ca48a2e-337c-4210-8f3d-92c6ba2cee38-138053761873600","trial_id":42,"param_name":"lr_solver","param_value_internal":1,"distribution":"{\"name\": \"CategoricalDistribution\", \"attributes\": {\"choices\": [\"lbfgs\", \"saga\"]}}"}
{"op_code":5,"worker_id":"6ca48a2e-337c-4210-8f3d-92c6ba2cee38-138053770266304","trial_id":43,"param_name":"lr_penalty","param_value_internal":0,"distribution":"{\"name\": \"CategoricalDistribution\", \"attributes\": {\"choices\": [\"l1\", \"l2\"]}}"}
{"op_code":5,"worker_id":"6ca48a2e-337c-4210-8f3d-92c6ba2cee38-138053778659008","trial_id":41,"param_name":"rf_min_samples_leaf","param_value_internal":1.0,"distribution":"{\"name\": \"IntDistribution\", \"attributes\": {\"log\": false, \"step\": 1, \"low\": 1, \"high\": 4}}"}
{"op_code":5,"worker_id":"6ca48a2e-337c-4210-8f3d-92c6ba2cee38-138053761873600","trial_id":42,"param_name":"lr_penalty","param_value_internal":1,"distribution":"{\"name\": \"CategoricalDistribution\", \"attributes\": {\"choices\": [\"l1\", \"l2\"]}}"}
{"op_code":5,"worker_id":"6ca48a2e-337c-4210-8f3d-92c6ba2cee38-138053761873600","trial_id":42,"param_name":"lr_max_iter","param_value_internal":400.0,"distribution":"{\"name\": \"IntDistribution\", \"attributes\": {\"log\": false, \"step\": 100, \"low\": 100, \"high\": 1000}}"}
{"op_code":5,"worker_id":"6ca48a2e-337c-4210-8f3d-92c6ba2cee38-138053778659008","trial_id":41,"param_name":"rf_criterion","param_value_internal":0,"distribution":"{\"name\": \"CategoricalDistribution\", \"attributes\": {\"choices\": [\"gini\", \"entropy\"]}}"}
{"op_code":5,"worker_id":"6ca48a2e-337c-4210-8f3d-92c6ba2cee38-138053770266304","trial_id":43,"param_name":"lr_max_iter","param_value_internal":600.0,"distribution":"{\"name\": \"IntDistribution\", \"attributes\": {\"log\": false, \"step\": 100, \"low\": 100, \"high\": 1000}}"}
{"op_code":6,"worker_id":"6ca48a2e-337c-4210-8f3d-92c6ba2cee38-138053778659008","trial_id":41,"state":1,"values":[0.5364648468815135],"datetime_complete":"2026-03-21T10:05:00.610381"}
{"op_code":4,"worker_id":"6ca48a2e-337c-4210-8f3d-92c6ba2cee38-138053778659008","study_id":5,"datetime_start":"2026-03-21T10:05:00.617015"}
{"op_code":5,"worker_id":"6ca48a2e-337c-4210-8f3d-92c6ba2cee38-138053778659008","trial_id":44,"param_name":"classifier","param_value_internal":2,"distribution":"{\"name\": \"CategoricalDistribution\", \"attributes\": {\"choices\": [\"LogisticRegression\", \"RandomForestClassifier\", \"SVC\"]}}"}
{"op_code":5,"worker_id":"6ca48a2e-337c-4210-8f3d-92c6ba2cee38-138053778659008","trial_id":44,"param_name":"svc_c","param_value_internal":0.032865977279383396,"distribution":"{\"name\": \"FloatDistribution\", \"attributes\": {\"step\": null, \"low\": 0.01, \"high\": 100.0, \"log\": true}}"}
{"op_code":5,"worker_id":"6ca48a2e-337c-4210-8f3d-92c6ba2cee38-138053778659008","trial_id":44,"param_name":"svc_kernel","param_value_internal":1,"distribution":"{\"name\": \"CategoricalDistribution\", \"attributes\": {\"choices\": [\"linear\", \"rbf\", \"poly\", \"sigmoid\"]}}"}
{"op_code":5,"worker_id":"6ca48a2e-337c-4210-8f3d-92c6ba2cee38-138053778659008","trial_id":44,"param_name":"svc_gamma","param_value_internal":0,"distribution":"{\"name\": \"CategoricalDistribution\", \"attributes\": {\"choices\": [\"scale\", \"auto\"]}}"}
{"op_code":6,"worker_id":"6ca48a2e-337c-4210-8f3d-92c6ba2cee38-138053778659008","trial_id":44,"state":1,"values":[0.11668539793539794],"datetime_complete":"2026-03-21T10:05:06.260550"}
{"op_code":4,"worker_id":"6ca48a2e-337c-4210-8f3d-92c6ba2cee38-138053778659008","study_id":5,"datetime_start":"2026-03-21T10:05:06.267333"}
{"op_code":5,"worker_id":"6ca48a2e-337c-4210-8f3d-92c6ba2cee38-138053778659008","trial_id":45,"param_name":"classifier","param_value_internal":0,"distribution":"{\"name\": \"CategoricalDistribution\", \"attributes\": {\"choices\": [\"LogisticRegression\", \"RandomForestClassifier\", \"SVC\"]}}"}
{"op_code":5,"worker_id":"6ca48a2e-337c-4210-8f3d-92c6ba2cee38-138053778659008","trial_id":45,"param_name":"lr_c","param_value_internal":0.0019864179749710304,"distribution":"{\"name\": \"FloatDistribution\", \"attributes\": {\"step\": null, \"low\": 0.0001, \"high\": 10000.0, \"log\": true}}"}
{"op_code":5,"worker_id":"6ca48a2e-337c-4210-8f3d-92c6ba2cee38-138053778659008","trial_id":45,"param_name":"lr_solver","param_value_internal":0,"distribution":"{\"name\": \"CategoricalDistribution\", \"attributes\": {\"choices\": [\"lbfgs\", \"saga\"]}}"}
{"op_code":5,"worker_id":"6ca48a2e-337c-4210-8f3d-92c6ba2cee38-138053778659008","trial_id":45,"param_name":"lr_penalty","param_value_internal":1,"distribution":"{\"name\": \"CategoricalDistribution\", \"attributes\": {\"choices\": [\"l1\", \"l2\"]}}"}
{"op_code":5,"worker_id":"6ca48a2e-337c-4210-8f3d-92c6ba2cee38-138053778659008","trial_id":45,"param_name":"lr_max_iter","param_value_internal":100.0,"distribution":"{\"name\": \"IntDistribution\", \"attributes\": {\"log\": false, \"step\": 100, \"low\": 100, \"high\": 1000}}"}
{"op_code":6,"worker_id":"6ca48a2e-337c-4210-8f3d-92c6ba2cee38-138053778659008","trial_id":45,"state":1,"values":[0.1418505106005106],"datetime_complete":"2026-03-21T10:05:11.008197"}
{"op_code":4,"worker_id":"6ca48a2e-337c-4210-8f3d-92c6ba2cee38-138053778659008","study_id":5,"datetime_start":"2026-03-21T10:05:11.017400"}
{"op_code":5,"worker_id":"6ca48a2e-337c-4210-8f3d-92c6ba2cee38-138053778659008","trial_id":46,"param_name":"classifier","param_value_internal":2,"distribution":"{\"name\": \"CategoricalDistribution\", \"attributes\": {\"choices\": [\"LogisticRegression\", \"RandomForestClassifier\", \"SVC\"]}}"}
{"op_code":5,"worker_id":"6ca48a2e-337c-4210-8f3d-92c6ba2cee38-138053778659008","trial_id":46,"param_name":"svc_c","param_value_internal":1.4815892451346868,"distribution":"{\"name\": \"FloatDistribution\", \"attributes\": {\"step\": null, \"low\": 0.01, \"high\": 100.0, \"log\": true}}"}
{"op_code":5,"worker_id":"6ca48a2e-337c-4210-8f3d-92c6ba2cee38-138053778659008","trial_id":46,"param_name":"svc_kernel","param_value_internal":1,"distribution":"{\"name\": \"CategoricalDistribution\", \"attributes\": {\"choices\": [\"linear\", \"rbf\", \"poly\", \"sigmoid\"]}}"}
{"op_code":5,"worker_id":"6ca48a2e-337c-4210-8f3d-92c6ba2cee38-138053778659008","trial_id":46,"param_name":"svc_gamma","param_value_internal":0,"distribution":"{\"name\": \"CategoricalDistribution\", \"attributes\": {\"choices\": [\"scale\", \"auto\"]}}"}
{"op_code":6,"worker_id":"6ca48a2e-337c-4210-8f3d-92c6ba2cee38-138053761873600","trial_id":42,"state":1,"values":[0.11684557726224393],"datetime_complete":"2026-03-21T10:05:15.875481"}
{"op_code":4,"worker_id":"6ca48a2e-337c-4210-8f3d-92c6ba2cee38-138053761873600","study_id":5,"datetime_start":"2026-03-21T10:05:15.883637"}
{"op_code":5,"worker_id":"6ca48a2e-337c-4210-8f3d-92c6ba2cee38-138053761873600","trial_id":47,"param_name":"classifier","param_value_internal":0,"distribution":"{\"name\": \"CategoricalDistribution\", \"attributes\": {\"choices\": [\"LogisticRegression\", \"RandomForestClassifier\", \"SVC\"]}}"}
{"op_code":5,"worker_id":"6ca48a2e-337c-4210-8f3d-92c6ba2cee38-138053761873600","trial_id":47,"param_name":"lr_c","param_value_internal":47.67423938240441,"distribution":"{\"name\": \"FloatDistribution\", \"attributes\": {\"step\": null, \"low\": 0.0001, \"high\": 10000.0, \"log\": true}}"}
{"op_code":5,"worker_id":"6ca48a2e-337c-4210-8f3d-92c6ba2cee38-138053761873600","trial_id":47,"param_name":"lr_solver","param_value_internal":1,"distribution":"{\"name\": \"CategoricalDistribution\", \"attributes\": {\"choices\": [\"lbfgs\", \"saga\"]}}"}
{"op_code":5,"worker_id":"6ca48a2e-337c-4210-8f3d-92c6ba2cee38-138053761873600","trial_id":47,"param_name":"lr_penalty","param_value_internal":1,"distribution":"{\"name\": \"CategoricalDistribution\", \"attributes\": {\"choices\": [\"l1\", \"l2\"]}}"}
{"op_code":5,"worker_id":"6ca48a2e-337c-4210-8f3d-92c6ba2cee38-138053761873600","trial_id":47,"param_name":"lr_max_iter","param_value_internal":600.0,"distribution":"{\"name\": \"IntDistribution\", \"attributes\": {\"log\": false, \"step\": 100, \"low\": 100, \"high\": 1000}}"}
{"op_code":6,"worker_id":"6ca48a2e-337c-4210-8f3d-92c6ba2cee38-138053778659008","trial_id":46,"state":1,"values":[0.11876903960237294],"datetime_complete":"2026-03-21T10:05:17.344491"}
{"op_code":4,"worker_id":"6ca48a2e-337c-4210-8f3d-92c6ba2cee38-138053778659008","study_id":5,"datetime_start":"2026-03-21T10:05:17.350852"}
{"op_code":5,"worker_id":"6ca48a2e-337c-4210-8f3d-92c6ba2cee38-138053778659008","trial_id":48,"param_name":"classifier","param_value_internal":2,"distribution":"{\"name\": \"CategoricalDistribution\", \"attributes\": {\"choices\": [\"LogisticRegression\", \"RandomForestClassifier\", \"SVC\"]}}"}
{"op_code":5,"worker_id":"6ca48a2e-337c-4210-8f3d-92c6ba2cee38-138053778659008","trial_id":48,"param_name":"svc_c","param_value_internal":0.9966645421093585,"distribution":"{\"name\": \"FloatDistribution\", \"attributes\": {\"step\": null, \"low\": 0.01, \"high\": 100.0, \"log\": true}}"}
{"op_code":5,"worker_id":"6ca48a2e-337c-4210-8f3d-92c6ba2cee38-138053778659008","trial_id":48,"param_name":"svc_kernel","param_value_internal":1,"distribution":"{\"name\": \"CategoricalDistribution\", \"attributes\": {\"choices\": [\"linear\", \"rbf\", \"poly\", \"sigmoid\"]}}"}
{"op_code":5,"worker_id":"6ca48a2e-337c-4210-8f3d-92c6ba2cee38-138053778659008","trial_id":48,"param_name":"svc_gamma","param_value_internal":1,"distribution":"{\"name\": \"CategoricalDistribution\", \"attributes\": {\"choices\": [\"scale\", \"auto\"]}}"}
{"op_code":6,"worker_id":"6ca48a2e-337c-4210-8f3d-92c6ba2cee38-138053778659008","trial_id":48,"state":1,"values":[0.4430200971867639],"datetime_complete":"2026-03-21T10:05:23.782727"}
{"op_code":4,"worker_id":"6ca48a2e-337c-4210-8f3d-92c6ba2cee38-138053778659008","study_id":5,"datetime_start":"2026-03-21T10:05:23.791424"}
{"op_code":5,"worker_id":"6ca48a2e-337c-4210-8f3d-92c6ba2cee38-138053778659008","trial_id":49,"param_name":"classifier","param_value_internal":0,"distribution":"{\"name\": \"CategoricalDistribution\", \"attributes\": {\"choices\": [\"LogisticRegression\", \"RandomForestClassifier\", \"SVC\"]}}"}
{"op_code":5,"worker_id":"6ca48a2e-337c-4210-8f3d-92c6ba2cee38-138053778659008","trial_id":49,"param_name":"lr_c","param_value_internal":0.0006025586059986145,"distribution":"{\"name\": \"FloatDistribution\", \"attributes\": {\"step\": null, \"low\": 0.0001, \"high\": 10000.0, \"log\": true}}"}
{"op_code":5,"worker_id":"6ca48a2e-337c-4210-8f3d-92c6ba2cee38-138053778659008","trial_id":49,"param_name":"lr_solver","param_value_internal":0,"distribution":"{\"name\": \"CategoricalDistribution\", \"attributes\": {\"choices\": [\"lbfgs\", \"saga\"]}}"}
{"op_code":5,"worker_id":"6ca48a2e-337c-4210-8f3d-92c6ba2cee38-138053778659008","trial_id":49,"param_name":"lr_penalty","param_value_internal":1,"distribution":"{\"name\": \"CategoricalDistribution\", \"attributes\": {\"choices\": [\"l1\", \"l2\"]}}"}
{"op_code":5,"worker_id":"6ca48a2e-337c-4210-8f3d-92c6ba2cee38-138053778659008","trial_id":49,"param_name":"lr_max_iter","param_value_internal":300.0,"distribution":"{\"name\": \"IntDistribution\", \"attributes\": {\"log\": false, \"step\": 100, \"low\": 100, \"high\": 1000}}"}
{"op_code":6,"worker_id":"6ca48a2e-337c-4210-8f3d-92c6ba2cee38-138053770266304","trial_id":43,"state":1,"values":[0.11732611524278191],"datetime_complete":"2026-03-21T10:05:37.846848"}
{"op_code":4,"worker_id":"6ca48a2e-337c-4210-8f3d-92c6ba2cee38-138053770266304","study_id":5,"datetime_start":"2026-03-21T10:05:37.859255"}
{"op_code":5,"worker_id":"6ca48a2e-337c-4210-8f3d-92c6ba2cee38-138053770266304","trial_id":50,"param_name":"classifier","param_value_internal":0,"distribution":"{\"name\": \"CategoricalDistribution\", \"attributes\": {\"choices\": [\"LogisticRegression\", \"RandomForestClassifier\", \"SVC\"]}}"}
{"op_code":5,"worker_id":"6ca48a2e-337c-4210-8f3d-92c6ba2cee38-138053770266304","trial_id":50,"param_name":"lr_c","param_value_internal":14.5993747827829,"distribution":"{\"name\": \"FloatDistribution\", \"attributes\": {\"step\": null, \"low\": 0.0001, \"high\": 10000.0, \"log\": true}}"}
{"op_code":5,"worker_id":"6ca48a2e-337c-4210-8f3d-92c6ba2cee38-138053770266304","trial_id":50,"param_name":"lr_solver","param_value_internal":1,"distribution":"{\"name\": \"CategoricalDistribution\", \"attributes\": {\"choices\": [\"lbfgs\", \"saga\"]}}"}
{"op_code":5,"worker_id":"6ca48a2e-337c-4210-8f3d-92c6ba2cee38-138053770266304","trial_id":50,"param_name":"lr_penalty","param_value_internal":1,"distribution":"{\"name\": \"CategoricalDistribution\", \"attributes\": {\"choices\": [\"l1\", \"l2\"]}}"}
{"op_code":5,"worker_id":"6ca48a2e-337c-4210-8f3d-92c6ba2cee38-138053770266304","trial_id":50,"param_name":"lr_max_iter","param_value_internal":100.0,"distribution":"{\"name\": \"IntDistribution\", \"attributes\": {\"log\": false, \"step\": 100, \"low\": 100, \"high\": 1000}}"}
{"op_code":6,"worker_id":"6ca48a2e-337c-4210-8f3d-92c6ba2cee38-138053778659008","trial_id":49,"state":1,"values":[0.13944612486279154],"datetime_complete":"2026-03-21T10:05:39.887885"}
{"op_code":4,"worker_id":"6ca48a2e-337c-4210-8f3d-92c6ba2cee38-138053778659008","study_id":5,"datetime_start":"2026-03-21T10:05:39.894868"}
{"op_code":5,"worker_id":"6ca48a2e-337c-4210-8f3d-92c6ba2cee38-138053778659008","trial_id":51,"param_name":"classifier","param_value_internal":0,"distribution":"{\"name\": \"CategoricalDistribution\", \"attributes\": {\"choices\": [\"LogisticRegression\", \"RandomForestClassifier\", \"SVC\"]}}"}
{"op_code":5,"worker_id":"6ca48a2e-337c-4210-8f3d-92c6ba2cee38-138053778659008","trial_id":51,"param_name":"lr_c","param_value_internal":4026.4669038054403,"distribution":"{\"name\": \"FloatDistribution\", \"attributes\": {\"step\": null, \"low\": 0.0001, \"high\": 10000.0, \"log\": true}}"}
{"op_code":5,"worker_id":"6ca48a2e-337c-4210-8f3d-92c6ba2cee38-138053778659008","trial_id":51,"param_name":"lr_solver","param_value_internal":1,"distribution":"{\"name\": \"CategoricalDistribution\", \"attributes\": {\"choices\": [\"lbfgs\", \"saga\"]}}"}
{"op_code":5,"worker_id":"6ca48a2e-337c-4210-8f3d-92c6ba2cee38-138053778659008","trial_id":51,"param_name":"lr_penalty","param_value_internal":0,"distribution":"{\"name\": \"CategoricalDistribution\", \"attributes\": {\"choices\": [\"l1\", \"l2\"]}}"}
{"op_code":5,"worker_id":"6ca48a2e-337c-4210-8f3d-92c6ba2cee38-138053778659008","trial_id":51,"param_name":"lr_max_iter","param_value_internal":800.0,"distribution":"{\"name\": \"IntDistribution\", \"attributes\": {\"log\": false, \"step\": 100, \"low\": 100, \"high\": 1000}}"}
{"op_code":6,"worker_id":"6ca48a2e-337c-4210-8f3d-92c6ba2cee38-138053770266304","trial_id":50,"state":1,"values":[0.11668539793539794],"datetime_complete":"2026-03-21T10:05:42.585105"}
{"op_code":4,"worker_id":"6ca48a2e-337c-4210-8f3d-92c6ba2cee38-138053770266304","study_id":5,"datetime_start":"2026-03-21T10:05:42.594152"}
{"op_code":5,"worker_id":"6ca48a2e-337c-4210-8f3d-92c6ba2cee38-138053770266304","trial_id":52,"param_name":"classifier","param_value_internal":0,"distribution":"{\"name\": \"CategoricalDistribution\", \"attributes\": {\"choices\": [\"LogisticRegression\", \"RandomForestClassifier\", \"SVC\"]}}"}
{"op_code":5,"worker_id":"6ca48a2e-337c-4210-8f3d-92c6ba2cee38-138053770266304","trial_id":52,"param_name":"lr_c","param_value_internal":0.3285486405756836,"distribution":"{\"name\": \"FloatDistribution\", \"attributes\": {\"step\": null, \"low\": 0.0001, \"high\": 10000.0, \"log\": true}}"}
{"op_code":5,"worker_id":"6ca48a2e-337c-4210-8f3d-92c6ba2cee38-138053770266304","trial_id":52,"param_name":"lr_solver","param_value_internal":0,"distribution":"{\"name\": \"CategoricalDistribution\", \"attributes\": {\"choices\": [\"lbfgs\", \"saga\"]}}"}
{"op_code":5,"worker_id":"6ca48a2e-337c-4210-8f3d-92c6ba2cee38-138053770266304","trial_id":52,"param_name":"lr_penalty","param_value_internal":0,"distribution":"{\"name\": \"CategoricalDistribution\", \"attributes\": {\"choices\": [\"l1\", \"l2\"]}}"}
{"op_code":6,"worker_id":"6ca48a2e-337c-4210-8f3d-92c6ba2cee38-138053770266304","trial_id":52,"state":2,"values":null,"datetime_complete":"2026-03-21T10:05:42.620581"}
{"op_code":4,"worker_id":"6ca48a2e-337c-4210-8f3d-92c6ba2cee38-138053770266304","study_id":5,"datetime_start":"2026-03-21T10:05:42.628465"}
{"op_code":5,"worker_id":"6ca48a2e-337c-4210-8f3d-92c6ba2cee38-138053770266304","trial_id":53,"param_name":"classifier","param_value_internal":1,"distribution":"{\"name\": \"CategoricalDistribution\", \"attributes\": {\"choices\": [\"LogisticRegression\", \"RandomForestClassifier\", \"SVC\"]}}"}
{"op_code":5,"worker_id":"6ca48a2e-337c-4210-8f3d-92c6ba2cee38-138053770266304","trial_id":53,"param_name":"rf_estimators","param_value_internal":50.0,"distribution":"{\"name\": \"IntDistribution\", \"attributes\": {\"log\": false, \"step\": 100, \"low\": 50, \"high\": 150}}"}
{"op_code":5,"worker_id":"6ca48a2e-337c-4210-8f3d-92c6ba2cee38-138053770266304","trial_id":53,"param_name":"rf_max_features","param_value_internal":0,"distribution":"{\"name\": \"CategoricalDistribution\", \"attributes\": {\"choices\": [\"sqrt\", \"log2\"]}}"}
{"op_code":5,"worker_id":"6ca48a2e-337c-4210-8f3d-92c6ba2cee38-138053770266304","trial_id":53,"param_name":"rf_max_depth","param_value_internal":20.0,"distribution":"{\"name\": \"IntDistribution\", \"attributes\": {\"log\": false, \"step\": 10, \"low\": 10, \"high\": 50}}"}
{"op_code":5,"worker_id":"6ca48a2e-337c-4210-8f3d-92c6ba2cee38-138053770266304","trial_id":53,"param_name":"rf_min_samples_split","param_value_internal":10.0,"distribution":"{\"name\": \"IntDistribution\", \"attributes\": {\"log\": false, \"step\": 1, \"low\": 2, \"high\": 10}}"}
{"op_code":5,"worker_id":"6ca48a2e-337c-4210-8f3d-92c6ba2cee38-138053770266304","trial_id":53,"param_name":"rf_min_samples_leaf","param_value_internal":1.0,"distribution":"{\"name\": \"IntDistribution\", \"attributes\": {\"log\": false, \"step\": 1, \"low\": 1, \"high\": 4}}"}
{"op_code":5,"worker_id":"6ca48a2e-337c-4210-8f3d-92c6ba2cee38-138053770266304","trial_id":53,"param_name":"rf_criterion","param_value_internal":0,"distribution":"{\"name\": \"CategoricalDistribution\", \"attributes\": {\"choices\": [\"gini\", \"entropy\"]}}"}
{"op_code":6,"worker_id":"6ca48a2e-337c-4210-8f3d-92c6ba2cee38-138053770266304","trial_id":53,"state":1,"values":[0.5364648468815135],"datetime_complete":"2026-03-21T10:05:44.617537"}
{"op_code":4,"worker_id":"6ca48a2e-337c-4210-8f3d-92c6ba2cee38-138053770266304","study_id":5,"datetime_start":"2026-03-21T10:05:44.624316"}
{"op_code":5,"worker_id":"6ca48a2e-337c-4210-8f3d-92c6ba2cee38-138053770266304","trial_id":54,"param_name":"classifier","param_value_internal":1,"distribution":"{\"name\": \"CategoricalDistribution\", \"attributes\": {\"choices\": [\"LogisticRegression\", \"RandomForestClassifier\", \"SVC\"]}}"}
{"op_code":5,"worker_id":"6ca48a2e-337c-4210-8f3d-92c6ba2cee38-138053770266304","trial_id":54,"param_name":"rf_estimators","param_value_internal":50.0,"distribution":"{\"name\": \"IntDistribution\", \"attributes\": {\"log\": false, \"step\": 100, \"low\": 50, \"high\": 150}}"}
{"op_code":5,"worker_id":"6ca48a2e-337c-4210-8f3d-92c6ba2cee38-138053770266304","trial_id":54,"param_name":"rf_max_features","param_value_internal":0,"distribution":"{\"name\": \"CategoricalDistribution\", \"attributes\": {\"choices\": [\"sqrt\", \"log2\"]}}"}
{"op_code":5,"worker_id":"6ca48a2e-337c-4210-8f3d-92c6ba2cee38-138053770266304","trial_id":54,"param_name":"rf_max_depth","param_value_internal":20.0,"distribution":"{\"name\": \"IntDistribution\", \"attributes\": {\"log\": false, \"step\": 10, \"low\": 10, \"high\": 50}}"}
{"op_code":5,"worker_id":"6ca48a2e-337c-4210-8f3d-92c6ba2cee38-138053770266304","trial_id":54,"param_name":"rf_min_samples_split","param_value_internal":10.0,"distribution":"{\"name\": \"IntDistribution\", \"attributes\": {\"log\": false, \"step\": 1, \"low\": 2, \"high\": 10}}"}
{"op_code":5,"worker_id":"6ca48a2e-337c-4210-8f3d-92c6ba2cee38-138053770266304","trial_id":54,"param_name":"rf_min_samples_leaf","param_value_internal":1.0,"distribution":"{\"name\": \"IntDistribution\", \"attributes\": {\"log\": false, \"step\": 1, \"low\": 1, \"high\": 4}}"}
{"op_code":5,"worker_id":"6ca48a2e-337c-4210-8f3d-92c6ba2cee38-138053770266304","trial_id":54,"param_name":"rf_criterion","param_value_internal":0,"distribution":"{\"name\": \"CategoricalDistribution\", \"attributes\": {\"choices\": [\"gini\", \"entropy\"]}}"}
{"op_code":6,"worker_id":"6ca48a2e-337c-4210-8f3d-92c6ba2cee38-138053770266304","trial_id":54,"state":1,"values":[0.5364648468815135],"datetime_complete":"2026-03-21T10:05:46.587511"}
{"op_code":4,"worker_id":"6ca48a2e-337c-4210-8f3d-92c6ba2cee38-138053770266304","study_id":5,"datetime_start":"2026-03-21T10:05:46.593623"}
{"op_code":5,"worker_id":"6ca48a2e-337c-4210-8f3d-92c6ba2cee38-138053770266304","trial_id":55,"param_name":"classifier","param_value_internal":1,"distribution":"{\"name\": \"CategoricalDistribution\", \"attributes\": {\"choices\": [\"LogisticRegression\", \"RandomForestClassifier\", \"SVC\"]}}"}
{"op_code":5,"worker_id":"6ca48a2e-337c-4210-8f3d-92c6ba2cee38-138053770266304","trial_id":55,"param_name":"rf_estimators","param_value_internal":50.0,"distribution":"{\"name\": \"IntDistribution\", \"attributes\": {\"log\": false, \"step\": 100, \"low\": 50, \"high\": 150}}"}
{"op_code":5,"worker_id":"6ca48a2e-337c-4210-8f3d-92c6ba2cee38-138053770266304","trial_id":55,"param_name":"rf_max_features","param_value_internal":0,"distribution":"{\"name\": \"CategoricalDistribution\", \"attributes\": {\"choices\": [\"sqrt\", \"log2\"]}}"}
{"op_code":5,"worker_id":"6ca48a2e-337c-4210-8f3d-92c6ba2cee38-138053770266304","trial_id":55,"param_name":"rf_max_depth","param_value_internal":20.0,"distribution":"{\"name\": \"IntDistribution\", \"attributes\": {\"log\": false, \"step\": 10, \"low\": 10, \"high\": 50}}"}
{"op_code":5,"worker_id":"6ca48a2e-337c-4210-8f3d-92c6ba2cee38-138053770266304","trial_id":55,"param_name":"rf_min_samples_split","param_value_internal":10.0,"distribution":"{\"name\": \"IntDistribution\", \"attributes\": {\"log\": false, \"step\": 1, \"low\": 2, \"high\": 10}}"}
{"op_code":5,"worker_id":"6ca48a2e-337c-4210-8f3d-92c6ba2cee38-138053770266304","trial_id":55,"param_name":"rf_min_samples_leaf","param_value_internal":1.0,"distribution":"{\"name\": \"IntDistribution\", \"attributes\": {\"log\": false, \"step\": 1, \"low\": 1, \"high\": 4}}"}
{"op_code":5,"worker_id":"6ca48a2e-337c-4210-8f3d-92c6ba2cee38-138053770266304","trial_id":55,"param_name":"rf_criterion","param_value_internal":0,"distribution":"{\"name\": \"CategoricalDistribution\", \"attributes\": {\"choices\": [\"gini\", \"entropy\"]}}"}
{"op_code":6,"worker_id":"6ca48a2e-337c-4210-8f3d-92c6ba2cee38-138053761873600","trial_id":47,"state":1,"values":[0.11732611524278191],"datetime_complete":"2026-03-21T10:05:46.711005"}
{"op_code":4,"worker_id":"6ca48a2e-337c-4210-8f3d-92c6ba2cee38-138053761873600","study_id":5,"datetime_start":"2026-03-21T10:05:46.722077"}
{"op_code":5,"worker_id":"6ca48a2e-337c-4210-8f3d-92c6ba2cee38-138053761873600","trial_id":56,"param_name":"classifier","param_value_internal":1,"distribution":"{\"name\": \"CategoricalDistribution\", \"attributes\": {\"choices\": [\"LogisticRegression\", \"RandomForestClassifier\", \"SVC\"]}}"}
{"op_code":5,"worker_id":"6ca48a2e-337c-4210-8f3d-92c6ba2cee38-138053761873600","trial_id":56,"param_name":"rf_estimators","param_value_internal":50.0,"distribution":"{\"name\": \"IntDistribution\", \"attributes\": {\"log\": false, \"step\": 100, \"low\": 50, \"high\": 150}}"}
{"op_code":5,"worker_id":"6ca48a2e-337c-4210-8f3d-92c6ba2cee38-138053761873600","trial_id":56,"param_name":"rf_max_features","param_value_internal":0,"distribution":"{\"name\": \"CategoricalDistribution\", \"attributes\": {\"choices\": [\"sqrt\", \"log2\"]}}"}
{"op_code":5,"worker_id":"6ca48a2e-337c-4210-8f3d-92c6ba2cee38-138053761873600","trial_id":56,"param_name":"rf_max_depth","param_value_internal":20.0,"distribution":"{\"name\": \"IntDistribution\", \"attributes\": {\"log\": false, \"step\": 10, \"low\": 10, \"high\": 50}}"}
{"op_code":5,"worker_id":"6ca48a2e-337c-4210-8f3d-92c6ba2cee38-138053761873600","trial_id":56,"param_name":"rf_min_samples_split","param_value_internal":10.0,"distribution":"{\"name\": \"IntDistribution\", \"attributes\": {\"log\": false, \"step\": 1, \"low\": 2, \"high\": 10}}"}
{"op_code":5,"worker_id":"6ca48a2e-337c-4210-8f3d-92c6ba2cee38-138053761873600","trial_id":56,"param_name":"rf_min_samples_leaf","param_value_internal":1.0,"distribution":"{\"name\": \"IntDistribution\", \"attributes\": {\"log\": false, \"step\": 1, \"low\": 1, \"high\": 4}}"}
{"op_code":5,"worker_id":"6ca48a2e-337c-4210-8f3d-92c6ba2cee38-138053761873600","trial_id":56,"param_name":"rf_criterion","param_value_internal":0,"distribution":"{\"name\": \"CategoricalDistribution\", \"attributes\": {\"choices\": [\"gini\", \"entropy\"]}}"}
{"op_code":6,"worker_id":"6ca48a2e-337c-4210-8f3d-92c6ba2cee38-138053770266304","trial_id":55,"state":1,"values":[0.5364648468815135],"datetime_complete":"2026-03-21T10:05:48.614933"}
{"op_code":4,"worker_id":"6ca48a2e-337c-4210-8f3d-92c6ba2cee38-138053770266304","study_id":5,"datetime_start":"2026-03-21T10:05:48.621981"}
{"op_code":5,"worker_id":"6ca48a2e-337c-4210-8f3d-92c6ba2cee38-138053770266304","trial_id":57,"param_name":"classifier","param_value_internal":1,"distribution":"{\"name\": \"CategoricalDistribution\", \"attributes\": {\"choices\": [\"LogisticRegression\", \"RandomForestClassifier\", \"SVC\"]}}"}
{"op_code":5,"worker_id":"6ca48a2e-337c-4210-8f3d-92c6ba2cee38-138053770266304","trial_id":57,"param_name":"rf_estimators","param_value_internal":150.0,"distribution":"{\"name\": \"IntDistribution\", \"attributes\": {\"log\": false, \"step\": 100, \"low\": 50, \"high\": 150}}"}
{"op_code":5,"worker_id":"6ca48a2e-337c-4210-8f3d-92c6ba2cee38-138053770266304","trial_id":57,"param_name":"rf_max_features","param_value_internal":0,"distribution":"{\"name\": \"CategoricalDistribution\", \"attributes\": {\"choices\": [\"sqrt\", \"log2\"]}}"}
{"op_code":5,"worker_id":"6ca48a2e-337c-4210-8f3d-92c6ba2cee38-138053770266304","trial_id":57,"param_name":"rf_max_depth","param_value_internal":30.0,"distribution":"{\"name\": \"IntDistribution\", \"attributes\": {\"log\": false, \"step\": 10, \"low\": 10, \"high\": 50}}"}
{"op_code":5,"worker_id":"6ca48a2e-337c-4210-8f3d-92c6ba2cee38-138053770266304","trial_id":57,"param_name":"rf_min_samples_split","param_value_internal":8.0,"distribution":"{\"name\": \"IntDistribution\", \"attributes\": {\"log\": false, \"step\": 1, \"low\": 2, \"high\": 10}}"}
{"op_code":5,"worker_id":"6ca48a2e-337c-4210-8f3d-92c6ba2cee38-138053770266304","trial_id":57,"param_name":"rf_min_samples_leaf","param_value_internal":2.0,"distribution":"{\"name\": \"IntDistribution\", \"attributes\": {\"log\": false, \"step\": 1, \"low\": 1, \"high\": 4}}"}
{"op_code":5,"worker_id":"6ca48a2e-337c-4210-8f3d-92c6ba2cee38-138053770266304","trial_id":57,"param_name":"rf_criterion","param_value_internal":0,"distribution":"{\"name\": \"CategoricalDistribution\", \"attributes\": {\"choices\": [\"gini\", \"entropy\"]}}"}
{"op_code":6,"worker_id":"6ca48a2e-337c-4210-8f3d-92c6ba2cee38-138053761873600","trial_id":56,"state":1,"values":[0.5364648468815135],"datetime_complete":"2026-03-21T10:05:48.864399"}
{"op_code":4,"worker_id":"6ca48a2e-337c-4210-8f3d-92c6ba2cee38-138053761873600","study_id":5,"datetime_start":"2026-03-21T10:05:48.872103"}
{"op_code":5,"worker_id":"6ca48a2e-337c-4210-8f3d-92c6ba2cee38-138053761873600","trial_id":58,"param_name":"classifier","param_value_internal":1,"distribution":"{\"name\": \"CategoricalDistribution\", \"attributes\": {\"choices\": [\"LogisticRegression\", \"RandomForestClassifier\", \"SVC\"]}}"}
{"op_code":5,"worker_id":"6ca48a2e-337c-4210-8f3d-92c6ba2cee38-138053761873600","trial_id":58,"param_name":"rf_estimators","param_value_internal":150.0,"distribution":"{\"name\": \"IntDistribution\", \"attributes\": {\"log\": false, \"step\": 100, \"low\": 50, \"high\": 150}}"}
{"op_code":5,"worker_id":"6ca48a2e-337c-4210-8f3d-92c6ba2cee38-138053761873600","trial_id":58,"param_name":"rf_max_features","param_value_internal":1,"distribution":"{\"name\": \"CategoricalDistribution\", \"attributes\": {\"choices\": [\"sqrt\", \"log2\"]}}"}
{"op_code":5,"worker_id":"6ca48a2e-337c-4210-8f3d-92c6ba2cee38-138053761873600","trial_id":58,"param_name":"rf_max_depth","param_value_internal":50.0,"distribution":"{\"name\": \"IntDistribution\", \"attributes\": {\"log\": false, \"step\": 10, \"low\": 10, \"high\": 50}}"}
{"op_code":5,"worker_id":"6ca48a2e-337c-4210-8f3d-92c6ba2cee38-138053761873600","trial_id":58,"param_name":"rf_min_samples_split","param_value_internal":5.0,"distribution":"{\"name\": \"IntDistribution\", \"attributes\": {\"log\": false, \"step\": 1, \"low\": 2, \"high\": 10}}"}
{"op_code":5,"worker_id":"6ca48a2e-337c-4210-8f3d-92c6ba2cee38-138053761873600","trial_id":58,"param_name":"rf_min_samples_leaf","param_value_internal":4.0,"distribution":"{\"name\": \"IntDistribution\", \"attributes\": {\"log\": false, \"step\": 1, \"low\": 1, \"high\": 4}}"}
{"op_code":5,"worker_id":"6ca48a2e-337c-4210-8f3d-92c6ba2cee38-138053761873600","trial_id":58,"param_name":"rf_criterion","param_value_internal":1,"distribution":"{\"name\": \"CategoricalDistribution\", \"attributes\": {\"choices\": [\"gini\", \"entropy\"]}}"}
{"op_code":6,"worker_id":"6ca48a2e-337c-4210-8f3d-92c6ba2cee38-138053770266304","trial_id":57,"state":1,"values":[0.5388699263699264],"datetime_complete":"2026-03-21T10:05:54.690720"}
{"op_code":4,"worker_id":"6ca48a2e-337c-4210-8f3d-92c6ba2cee38-138053770266304","study_id":5,"datetime_start":"2026-03-21T10:05:54.695964"}
{"op_code":5,"worker_id":"6ca48a2e-337c-4210-8f3d-92c6ba2cee38-138053770266304","trial_id":59,"param_name":"classifier","param_value_internal":1,"distribution":"{\"name\": \"CategoricalDistribution\", \"attributes\": {\"choices\": [\"LogisticRegression\", \"RandomForestClassifier\", \"SVC\"]}}"}
{"op_code":5,"worker_id":"6ca48a2e-337c-4210-8f3d-92c6ba2cee38-138053770266304","trial_id":59,"param_name":"rf_estimators","param_value_internal":150.0,"distribution":"{\"name\": \"IntDistribution\", \"attributes\": {\"log\": false, \"step\": 100, \"low\": 50, \"high\": 150}}"}
{"op_code":5,"worker_id":"6ca48a2e-337c-4210-8f3d-92c6ba2cee38-138053770266304","trial_id":59,"param_name":"rf_max_features","param_value_internal":1,"distribution":"{\"name\": \"CategoricalDistribution\", \"attributes\": {\"choices\": [\"sqrt\", \"log2\"]}}"}
{"op_code":5,"worker_id":"6ca48a2e-337c-4210-8f3d-92c6ba2cee38-138053770266304","trial_id":59,"param_name":"rf_max_depth","param_value_internal":50.0,"distribution":"{\"name\": \"IntDistribution\", \"attributes\": {\"log\": false, \"step\": 10, \"low\": 10, \"high\": 50}}"}
{"op_code":5,"worker_id":"6ca48a2e-337c-4210-8f3d-92c6ba2cee38-138053770266304","trial_id":59,"param_name":"rf_min_samples_split","param_value_internal":6.0,"distribution":"{\"name\": \"IntDistribution\", \"attributes\": {\"log\": false, \"step\": 1, \"low\": 2, \"high\": 10}}"}
{"op_code":5,"worker_id":"6ca48a2e-337c-4210-8f3d-92c6ba2cee38-138053770266304","trial_id":59,"param_name":"rf_min_samples_leaf","param_value_internal":3.0,"distribution":"{\"name\": \"IntDistribution\", \"attributes\": {\"log\": false, \"step\": 1, \"low\": 1, \"high\": 4}}"}
{"op_code":5,"worker_id":"6ca48a2e-337c-4210-8f3d-92c6ba2cee38-138053770266304","trial_id":59,"param_name":"rf_criterion","param_value_internal":1,"distribution":"{\"name\": \"CategoricalDistribution\", \"attributes\": {\"choices\": [\"gini\", \"entropy\"]}}"}
{"op_code":6,"worker_id":"6ca48a2e-337c-4210-8f3d-92c6ba2cee38-138053761873600","trial_id":58,"state":1,"values":[0.5302143843810511],"datetime_complete":"2026-03-21T10:05:59.647655"}
{"op_code":4,"worker_id":"6ca48a2e-337c-4210-8f3d-92c6ba2cee38-138053761873600","study_id":5,"datetime_start":"2026-03-21T10:05:59.656497"}
{"op_code":5,"worker_id":"6ca48a2e-337c-4210-8f3d-92c6ba2cee38-138053761873600","trial_id":60,"param_name":"classifier","param_value_internal":1,"distribution":"{\"name\": \"CategoricalDistribution\", \"attributes\": {\"choices\": [\"LogisticRegression\", \"RandomForestClassifier\", \"SVC\"]}}"}
{"op_code":5,"worker_id":"6ca48a2e-337c-4210-8f3d-92c6ba2cee38-138053761873600","trial_id":60,"param_name":"rf_estimators","param_value_internal":150.0,"distribution":"{\"name\": \"IntDistribution\", \"attributes\": {\"log\": false, \"step\": 100, \"low\": 50, \"high\": 150}}"}
{"op_code":5,"worker_id":"6ca48a2e-337c-4210-8f3d-92c6ba2cee38-138053761873600","trial_id":60,"param_name":"rf_max_features","param_value_internal":0,"distribution":"{\"name\": \"CategoricalDistribution\", \"attributes\": {\"choices\": [\"sqrt\", \"log2\"]}}"}
{"op_code":5,"worker_id":"6ca48a2e-337c-4210-8f3d-92c6ba2cee38-138053761873600","trial_id":60,"param_name":"rf_max_depth","param_value_internal":40.0,"distribution":"{\"name\": \"IntDistribution\", \"attributes\": {\"log\": false, \"step\": 10, \"low\": 10, \"high\": 50}}"}
{"op_code":5,"worker_id":"6ca48a2e-337c-4210-8f3d-92c6ba2cee38-138053761873600","trial_id":60,"param_name":"rf_min_samples_split","param_value_internal":7.0,"distribution":"{\"name\": \"IntDistribution\", \"attributes\": {\"log\": false, \"step\": 1, \"low\": 2, \"high\": 10}}"}
{"op_code":5,"worker_id":"6ca48a2e-337c-4210-8f3d-92c6ba2cee38-138053761873600","trial_id":60,"param_name":"rf_min_samples_leaf","param_value_internal":3.0,"distribution":"{\"name\": \"IntDistribution\", \"attributes\": {\"log\": false, \"step\": 1, \"low\": 1, \"high\": 4}}"}
{"op_code":5,"worker_id":"6ca48a2e-337c-4210-8f3d-92c6ba2cee38-138053761873600","trial_id":60,"param_name":"rf_criterion","param_value_internal":0,"distribution":"{\"name\": \"CategoricalDistribution\", \"attributes\": {\"choices\": [\"gini\", \"entropy\"]}}"}
{"op_code":6,"worker_id":"6ca48a2e-337c-4210-8f3d-92c6ba2cee38-138053761873600","trial_id":60,"state":1,"values":[0.5347014867848201],"datetime_complete":"2026-03-21T10:06:05.488067"}
{"op_code":4,"worker_id":"6ca48a2e-337c-4210-8f3d-92c6ba2cee38-138053761873600","study_id":5,"datetime_start":"2026-03-21T10:06:05.496563"}
{"op_code":5,"worker_id":"6ca48a2e-337c-4210-8f3d-92c6ba2cee38-138053761873600","trial_id":61,"param_name":"classifier","param_value_internal":1,"distribution":"{\"name\": \"CategoricalDistribution\", \"attributes\": {\"choices\": [\"LogisticRegression\", \"RandomForestClassifier\", \"SVC\"]}}"}
{"op_code":5,"worker_id":"6ca48a2e-337c-4210-8f3d-92c6ba2cee38-138053761873600","trial_id":61,"param_name":"rf_estimators","param_value_internal":150.0,"distribution":"{\"name\": \"IntDistribution\", \"attributes\": {\"log\": false, \"step\": 100, \"low\": 50, \"high\": 150}}"}
{"op_code":5,"worker_id":"6ca48a2e-337c-4210-8f3d-92c6ba2cee38-138053761873600","trial_id":61,"param_name":"rf_max_features","param_value_internal":1,"distribution":"{\"name\": \"CategoricalDistribution\", \"attributes\": {\"choices\": [\"sqrt\", \"log2\"]}}"}
{"op_code":5,"worker_id":"6ca48a2e-337c-4210-8f3d-92c6ba2cee38-138053761873600","trial_id":61,"param_name":"rf_max_depth","param_value_internal":30.0,"distribution":"{\"name\": \"IntDistribution\", \"attributes\": {\"log\": false, \"step\": 10, \"low\": 10, \"high\": 50}}"}
{"op_code":5,"worker_id":"6ca48a2e-337c-4210-8f3d-92c6ba2cee38-138053761873600","trial_id":61,"param_name":"rf_min_samples_split","param_value_internal":7.0,"distribution":"{\"name\": \"IntDistribution\", \"attributes\": {\"log\": false, \"step\": 1, \"low\": 2, \"high\": 10}}"}
{"op_code":5,"worker_id":"6ca48a2e-337c-4210-8f3d-92c6ba2cee38-138053761873600","trial_id":61,"param_name":"rf_min_samples_leaf","param_value_internal":2.0,"distribution":"{\"name\": \"IntDistribution\", \"attributes\": {\"log\": false, \"step\": 1, \"low\": 1, \"high\": 4}}"}
{"op_code":5,"worker_id":"6ca48a2e-337c-4210-8f3d-92c6ba2cee38-138053761873600","trial_id":61,"param_name":"rf_criterion","param_value_internal":1,"distribution":"{\"name\": \"CategoricalDistribution\", \"attributes\": {\"choices\": [\"gini\", \"entropy\"]}}"}
{"op_code":6,"worker_id":"6ca48a2e-337c-4210-8f3d-92c6ba2cee38-138053770266304","trial_id":59,"state":1,"values":[0.537586025086025],"datetime_complete":"2026-03-21T10:06:05.760955"}
{"op_code":4,"worker_id":"6ca48a2e-337c-4210-8f3d-92c6ba2cee38-138053770266304","study_id":5,"datetime_start":"2026-03-21T10:06:05.773031"}
{"op_code":5,"worker_id":"6ca48a2e-337c-4210-8f3d-92c6ba2cee38-138053770266304","trial_id":62,"param_name":"classifier","param_value_internal":1,"distribution":"{\"name\": \"CategoricalDistribution\", \"attributes\": {\"choices\": [\"LogisticRegression\", \"RandomForestClassifier\", \"SVC\"]}}"}
{"op_code":5,"worker_id":"6ca48a2e-337c-4210-8f3d-92c6ba2cee38-138053770266304","trial_id":62,"param_name":"rf_estimators","param_value_internal":150.0,"distribution":"{\"name\": \"IntDistribution\", \"attributes\": {\"log\": false, \"step\": 100, \"low\": 50, \"high\": 150}}"}
{"op_code":5,"worker_id":"6ca48a2e-337c-4210-8f3d-92c6ba2cee38-138053770266304","trial_id":62,"param_name":"rf_max_features","param_value_internal":1,"distribution":"{\"name\": \"CategoricalDistribution\", \"attributes\": {\"choices\": [\"sqrt\", \"log2\"]}}"}
{"op_code":5,"worker_id":"6ca48a2e-337c-4210-8f3d-92c6ba2cee38-138053770266304","trial_id":62,"param_name":"rf_max_depth","param_value_internal":40.0,"distribution":"{\"name\": \"IntDistribution\", \"attributes\": {\"log\": false, \"step\": 10, \"low\": 10, \"high\": 50}}"}
{"op_code":5,"worker_id":"6ca48a2e-337c-4210-8f3d-92c6ba2cee38-138053770266304","trial_id":62,"param_name":"rf_min_samples_split","param_value_internal":7.0,"distribution":"{\"name\": \"IntDistribution\", \"attributes\": {\"log\": false, \"step\": 1, \"low\": 2, \"high\": 10}}"}
{"op_code":5,"worker_id":"6ca48a2e-337c-4210-8f3d-92c6ba2cee38-138053770266304","trial_id":62,"param_name":"rf_min_samples_leaf","param_value_internal":3.0,"distribution":"{\"name\": \"IntDistribution\", \"attributes\": {\"log\": false, \"step\": 1, \"low\": 1, \"high\": 4}}"}
{"op_code":5,"worker_id":"6ca48a2e-337c-4210-8f3d-92c6ba2cee38-138053770266304","trial_id":62,"param_name":"rf_criterion","param_value_internal":1,"distribution":"{\"name\": \"CategoricalDistribution\", \"attributes\": {\"choices\": [\"gini\", \"entropy\"]}}"}
{"op_code":6,"worker_id":"6ca48a2e-337c-4210-8f3d-92c6ba2cee38-138053770266304","trial_id":62,"state":1,"values":[0.5380676422343088],"datetime_complete":"2026-03-21T10:06:16.739888"}
{"op_code":4,"worker_id":"6ca48a2e-337c-4210-8f3d-92c6ba2cee38-138053770266304","study_id":5,"datetime_start":"2026-03-21T10:06:16.748108"}
{"op_code":5,"worker_id":"6ca48a2e-337c-4210-8f3d-92c6ba2cee38-138053770266304","trial_id":63,"param_name":"classifier","param_value_internal":1,"distribution":"{\"name\": \"CategoricalDistribution\", \"attributes\": {\"choices\": [\"LogisticRegression\", \"RandomForestClassifier\", \"SVC\"]}}"}
{"op_code":5,"worker_id":"6ca48a2e-337c-4210-8f3d-92c6ba2cee38-138053770266304","trial_id":63,"param_name":"rf_estimators","param_value_internal":150.0,"distribution":"{\"name\": \"IntDistribution\", \"attributes\": {\"log\": false, \"step\": 100, \"low\": 50, \"high\": 150}}"}
{"op_code":5,"worker_id":"6ca48a2e-337c-4210-8f3d-92c6ba2cee38-138053770266304","trial_id":63,"param_name":"rf_max_features","param_value_internal":1,"distribution":"{\"name\": \"CategoricalDistribution\", \"attributes\": {\"choices\": [\"sqrt\", \"log2\"]}}"}
{"op_code":5,"worker_id":"6ca48a2e-337c-4210-8f3d-92c6ba2cee38-138053770266304","trial_id":63,"param_name":"rf_max_depth","param_value_internal":40.0,"distribution":"{\"name\": \"IntDistribution\", \"attributes\": {\"log\": false, \"step\": 10, \"low\": 10, \"high\": 50}}"}
{"op_code":5,"worker_id":"6ca48a2e-337c-4210-8f3d-92c6ba2cee38-138053770266304","trial_id":63,"param_name":"rf_min_samples_split","param_value_internal":7.0,"distribution":"{\"name\": \"IntDistribution\", \"attributes\": {\"log\": false, \"step\": 1, \"low\": 2, \"high\": 10}}"}
{"op_code":5,"worker_id":"6ca48a2e-337c-4210-8f3d-92c6ba2cee38-138053770266304","trial_id":63,"param_name":"rf_min_samples_leaf","param_value_internal":2.0,"distribution":"{\"name\": \"IntDistribution\", \"attributes\": {\"log\": false, \"step\": 1, \"low\": 1, \"high\": 4}}"}
{"op_code":5,"worker_id":"6ca48a2e-337c-4210-8f3d-92c6ba2cee38-138053770266304","trial_id":63,"param_name":"rf_criterion","param_value_internal":1,"distribution":"{\"name\": \"CategoricalDistribution\", \"attributes\": {\"choices\": [\"gini\", \"entropy\"]}}"}
{"op_code":6,"worker_id":"6ca48a2e-337c-4210-8f3d-92c6ba2cee38-138053761873600","trial_id":61,"state":1,"values":[0.5374266936766937],"datetime_complete":"2026-03-21T10:06:16.860484"}
{"op_code":4,"worker_id":"6ca48a2e-337c-4210-8f3d-92c6ba2cee38-138053761873600","study_id":5,"datetime_start":"2026-03-21T10:06:16.867370"}
{"op_code":5,"worker_id":"6ca48a2e-337c-4210-8f3d-92c6ba2cee38-138053761873600","trial_id":64,"param_name":"classifier","param_value_internal":1,"distribution":"{\"name\": \"CategoricalDistribution\", \"attributes\": {\"choices\": [\"LogisticRegression\", \"RandomForestClassifier\", \"SVC\"]}}"}
{"op_code":5,"worker_id":"6ca48a2e-337c-4210-8f3d-92c6ba2cee38-138053761873600","trial_id":64,"param_name":"rf_estimators","param_value_internal":150.0,"distribution":"{\"name\": \"IntDistribution\", \"attributes\": {\"log\": false, \"step\": 100, \"low\": 50, \"high\": 150}}"}
{"op_code":5,"worker_id":"6ca48a2e-337c-4210-8f3d-92c6ba2cee38-138053761873600","trial_id":64,"param_name":"rf_max_features","param_value_internal":1,"distribution":"{\"name\": \"CategoricalDistribution\", \"attributes\": {\"choices\": [\"sqrt\", \"log2\"]}}"}
{"op_code":5,"worker_id":"6ca48a2e-337c-4210-8f3d-92c6ba2cee38-138053761873600","trial_id":64,"param_name":"rf_max_depth","param_value_internal":50.0,"distribution":"{\"name\": \"IntDistribution\", \"attributes\": {\"log\": false, \"step\": 10, \"low\": 10, \"high\": 50}}"}
{"op_code":5,"worker_id":"6ca48a2e-337c-4210-8f3d-92c6ba2cee38-138053761873600","trial_id":64,"param_name":"rf_min_samples_split","param_value_internal":7.0,"distribution":"{\"name\": \"IntDistribution\", \"attributes\": {\"log\": false, \"step\": 1, \"low\": 2, \"high\": 10}}"}
{"op_code":5,"worker_id":"6ca48a2e-337c-4210-8f3d-92c6ba2cee38-138053761873600","trial_id":64,"param_name":"rf_min_samples_leaf","param_value_internal":3.0,"distribution":"{\"name\": \"IntDistribution\", \"attributes\": {\"log\": false, \"step\": 1, \"low\": 1, \"high\": 4}}"}
{"op_code":5,"worker_id":"6ca48a2e-337c-4210-8f3d-92c6ba2cee38-138053761873600","trial_id":64,"param_name":"rf_criterion","param_value_internal":1,"distribution":"{\"name\": \"CategoricalDistribution\", \"attributes\": {\"choices\": [\"gini\", \"entropy\"]}}"}
{"op_code":6,"worker_id":"6ca48a2e-337c-4210-8f3d-92c6ba2cee38-138053778659008","trial_id":51,"state":1,"values":[0.11828773078773079],"datetime_complete":"2026-03-21T10:06:21.988988"}
{"op_code":4,"worker_id":"6ca48a2e-337c-4210-8f3d-92c6ba2cee38-138053778659008","study_id":5,"datetime_start":"2026-03-21T10:06:21.997592"}
{"op_code":5,"worker_id":"6ca48a2e-337c-4210-8f3d-92c6ba2cee38-138053778659008","trial_id":65,"param_name":"classifier","param_value_internal":1,"distribution":"{\"name\": \"CategoricalDistribution\", \"attributes\": {\"choices\": [\"LogisticRegression\", \"RandomForestClassifier\", \"SVC\"]}}"}
{"op_code":5,"worker_id":"6ca48a2e-337c-4210-8f3d-92c6ba2cee38-138053778659008","trial_id":65,"param_name":"rf_estimators","param_value_internal":150.0,"distribution":"{\"name\": \"IntDistribution\", \"attributes\": {\"log\": false, \"step\": 100, \"low\": 50, \"high\": 150}}"}
{"op_code":5,"worker_id":"6ca48a2e-337c-4210-8f3d-92c6ba2cee38-138053778659008","trial_id":65,"param_name":"rf_max_features","param_value_internal":1,"distribution":"{\"name\": \"CategoricalDistribution\", \"attributes\": {\"choices\": [\"sqrt\", \"log2\"]}}"}
{"op_code":5,"worker_id":"6ca48a2e-337c-4210-8f3d-92c6ba2cee38-138053778659008","trial_id":65,"param_name":"rf_max_depth","param_value_internal":50.0,"distribution":"{\"name\": \"IntDistribution\", \"attributes\": {\"log\": false, \"step\": 10, \"low\": 10, \"high\": 50}}"}
{"op_code":5,"worker_id":"6ca48a2e-337c-4210-8f3d-92c6ba2cee38-138053778659008","trial_id":65,"param_name":"rf_min_samples_split","param_value_internal":7.0,"distribution":"{\"name\": \"IntDistribution\", \"attributes\": {\"log\": false, \"step\": 1, \"low\": 2, \"high\": 10}}"}
{"op_code":5,"worker_id":"6ca48a2e-337c-4210-8f3d-92c6ba2cee38-138053778659008","trial_id":65,"param_name":"rf_min_samples_leaf","param_value_internal":3.0,"distribution":"{\"name\": \"IntDistribution\", \"attributes\": {\"log\": false, \"step\": 1, \"low\": 1, \"high\": 4}}"}
{"op_code":5,"worker_id":"6ca48a2e-337c-4210-8f3d-92c6ba2cee38-138053778659008","trial_id":65,"param_name":"rf_criterion","param_value_internal":1,"distribution":"{\"name\": \"CategoricalDistribution\", \"attributes\": {\"choices\": [\"gini\", \"entropy\"]}}"}
{"op_code":6,"worker_id":"6ca48a2e-337c-4210-8f3d-92c6ba2cee38-138053761873600","trial_id":64,"state":1,"values":[0.5380676422343088],"datetime_complete":"2026-03-21T10:06:28.029581"}
{"op_code":4,"worker_id":"6ca48a2e-337c-4210-8f3d-92c6ba2cee38-138053761873600","study_id":5,"datetime_start":"2026-03-21T10:06:28.034983"}
{"op_code":5,"worker_id":"6ca48a2e-337c-4210-8f3d-92c6ba2cee38-138053761873600","trial_id":66,"param_name":"classifier","param_value_internal":1,"distribution":"{\"name\": \"CategoricalDistribution\", \"attributes\": {\"choices\": [\"LogisticRegression\", \"RandomForestClassifier\", \"SVC\"]}}"}
{"op_code":5,"worker_id":"6ca48a2e-337c-4210-8f3d-92c6ba2cee38-138053761873600","trial_id":66,"param_name":"rf_estimators","param_value_internal":150.0,"distribution":"{\"name\": \"IntDistribution\", \"attributes\": {\"log\": false, \"step\": 100, \"low\": 50, \"high\": 150}}"}
{"op_code":5,"worker_id":"6ca48a2e-337c-4210-8f3d-92c6ba2cee38-138053761873600","trial_id":66,"param_name":"rf_max_features","param_value_internal":1,"distribution":"{\"name\": \"CategoricalDistribution\", \"attributes\": {\"choices\": [\"sqrt\", \"log2\"]}}"}
{"op_code":5,"worker_id":"6ca48a2e-337c-4210-8f3d-92c6ba2cee38-138053761873600","trial_id":66,"param_name":"rf_max_depth","param_value_internal":40.0,"distribution":"{\"name\": \"IntDistribution\", \"attributes\": {\"log\": false, \"step\": 10, \"low\": 10, \"high\": 50}}"}
{"op_code":5,"worker_id":"6ca48a2e-337c-4210-8f3d-92c6ba2cee38-138053761873600","trial_id":66,"param_name":"rf_min_samples_split","param_value_internal":8.0,"distribution":"{\"name\": \"IntDistribution\", \"attributes\": {\"log\": false, \"step\": 1, \"low\": 2, \"high\": 10}}"}
{"op_code":5,"worker_id":"6ca48a2e-337c-4210-8f3d-92c6ba2cee38-138053761873600","trial_id":66,"param_name":"rf_min_samples_leaf","param_value_internal":3.0,"distribution":"{\"name\": \"IntDistribution\", \"attributes\": {\"log\": false, \"step\": 1, \"low\": 1, \"high\": 4}}"}
{"op_code":5,"worker_id":"6ca48a2e-337c-4210-8f3d-92c6ba2cee38-138053761873600","trial_id":66,"param_name":"rf_criterion","param_value_internal":1,"distribution":"{\"name\": \"CategoricalDistribution\", \"attributes\": {\"choices\": [\"gini\", \"entropy\"]}}"}
{"op_code":6,"worker_id":"6ca48a2e-337c-4210-8f3d-92c6ba2cee38-138053770266304","trial_id":63,"state":1,"values":[0.5374266936766937],"datetime_complete":"2026-03-21T10:06:28.401931"}
{"op_code":4,"worker_id":"6ca48a2e-337c-4210-8f3d-92c6ba2cee38-138053770266304","study_id":5,"datetime_start":"2026-03-21T10:06:28.407772"}
{"op_code":5,"worker_id":"6ca48a2e-337c-4210-8f3d-92c6ba2cee38-138053770266304","trial_id":67,"param_name":"classifier","param_value_internal":1,"distribution":"{\"name\": \"CategoricalDistribution\", \"attributes\": {\"choices\": [\"LogisticRegression\", \"RandomForestClassifier\", \"SVC\"]}}"}
{"op_code":5,"worker_id":"6ca48a2e-337c-4210-8f3d-92c6ba2cee38-138053770266304","trial_id":67,"param_name":"rf_estimators","param_value_internal":150.0,"distribution":"{\"name\": \"IntDistribution\", \"attributes\": {\"log\": false, \"step\": 100, \"low\": 50, \"high\": 150}}"}
{"op_code":5,"worker_id":"6ca48a2e-337c-4210-8f3d-92c6ba2cee38-138053770266304","trial_id":67,"param_name":"rf_max_features","param_value_internal":1,"distribution":"{\"name\": \"CategoricalDistribution\", \"attributes\": {\"choices\": [\"sqrt\", \"log2\"]}}"}
{"op_code":5,"worker_id":"6ca48a2e-337c-4210-8f3d-92c6ba2cee38-138053770266304","trial_id":67,"param_name":"rf_max_depth","param_value_internal":40.0,"distribution":"{\"name\": \"IntDistribution\", \"attributes\": {\"log\": false, \"step\": 10, \"low\": 10, \"high\": 50}}"}
{"op_code":5,"worker_id":"6ca48a2e-337c-4210-8f3d-92c6ba2cee38-138053770266304","trial_id":67,"param_name":"rf_min_samples_split","param_value_internal":2.0,"distribution":"{\"name\": \"IntDistribution\", \"attributes\": {\"log\": false, \"step\": 1, \"low\": 2, \"high\": 10}}"}
{"op_code":5,"worker_id":"6ca48a2e-337c-4210-8f3d-92c6ba2cee38-138053770266304","trial_id":67,"param_name":"rf_min_samples_leaf","param_value_internal":3.0,"distribution":"{\"name\": \"IntDistribution\", \"attributes\": {\"log\": false, \"step\": 1, \"low\": 1, \"high\": 4}}"}
{"op_code":5,"worker_id":"6ca48a2e-337c-4210-8f3d-92c6ba2cee38-138053770266304","trial_id":67,"param_name":"rf_criterion","param_value_internal":1,"distribution":"{\"name\": \"CategoricalDistribution\", \"attributes\": {\"choices\": [\"gini\", \"entropy\"]}}"}
{"op_code":6,"worker_id":"6ca48a2e-337c-4210-8f3d-92c6ba2cee38-138053778659008","trial_id":65,"state":1,"values":[0.5380676422343088],"datetime_complete":"2026-03-21T10:06:33.352957"}
{"op_code":4,"worker_id":"6ca48a2e-337c-4210-8f3d-92c6ba2cee38-138053778659008","study_id":5,"datetime_start":"2026-03-21T10:06:33.360639"}
{"op_code":5,"worker_id":"6ca48a2e-337c-4210-8f3d-92c6ba2cee38-138053778659008","trial_id":68,"param_name":"classifier","param_value_internal":1,"distribution":"{\"name\": \"CategoricalDistribution\", \"attributes\": {\"choices\": [\"LogisticRegression\", \"RandomForestClassifier\", \"SVC\"]}}"}
{"op_code":5,"worker_id":"6ca48a2e-337c-4210-8f3d-92c6ba2cee38-138053778659008","trial_id":68,"param_name":"rf_estimators","param_value_internal":150.0,"distribution":"{\"name\": \"IntDistribution\", \"attributes\": {\"log\": false, \"step\": 100, \"low\": 50, \"high\": 150}}"}
{"op_code":5,"worker_id":"6ca48a2e-337c-4210-8f3d-92c6ba2cee38-138053778659008","trial_id":68,"param_name":"rf_max_features","param_value_internal":1,"distribution":"{\"name\": \"CategoricalDistribution\", \"attributes\": {\"choices\": [\"sqrt\", \"log2\"]}}"}
{"op_code":5,"worker_id":"6ca48a2e-337c-4210-8f3d-92c6ba2cee38-138053778659008","trial_id":68,"param_name":"rf_max_depth","param_value_internal":40.0,"distribution":"{\"name\": \"IntDistribution\", \"attributes\": {\"log\": false, \"step\": 10, \"low\": 10, \"high\": 50}}"}
{"op_code":5,"worker_id":"6ca48a2e-337c-4210-8f3d-92c6ba2cee38-138053778659008","trial_id":68,"param_name":"rf_min_samples_split","param_value_internal":2.0,"distribution":"{\"name\": \"IntDistribution\", \"attributes\": {\"log\": false, \"step\": 1, \"low\": 2, \"high\": 10}}"}
{"op_code":5,"worker_id":"6ca48a2e-337c-4210-8f3d-92c6ba2cee38-138053778659008","trial_id":68,"param_name":"rf_min_samples_leaf","param_value_internal":4.0,"distribution":"{\"name\": \"IntDistribution\", \"attributes\": {\"log\": false, \"step\": 1, \"low\": 1, \"high\": 4}}"}
{"op_code":5,"worker_id":"6ca48a2e-337c-4210-8f3d-92c6ba2cee38-138053778659008","trial_id":68,"param_name":"rf_criterion","param_value_internal":1,"distribution":"{\"name\": \"CategoricalDistribution\", \"attributes\": {\"choices\": [\"gini\", \"entropy\"]}}"}
{"op_code":6,"worker_id":"6ca48a2e-337c-4210-8f3d-92c6ba2cee38-138053761873600","trial_id":66,"state":1,"values":[0.5332589478422811],"datetime_complete":"2026-03-21T10:06:39.152307"}
{"op_code":4,"worker_id":"6ca48a2e-337c-4210-8f3d-92c6ba2cee38-138053761873600","study_id":5,"datetime_start":"2026-03-21T10:06:39.158684"}
{"op_code":5,"worker_id":"6ca48a2e-337c-4210-8f3d-92c6ba2cee38-138053761873600","trial_id":69,"param_name":"classifier","param_value_internal":1,"distribution":"{\"name\": \"CategoricalDistribution\", \"attributes\": {\"choices\": [\"LogisticRegression\", \"RandomForestClassifier\", \"SVC\"]}}"}
{"op_code":5,"worker_id":"6ca48a2e-337c-4210-8f3d-92c6ba2cee38-138053761873600","trial_id":69,"param_name":"rf_estimators","param_value_internal":150.0,"distribution":"{\"name\": \"IntDistribution\", \"attributes\": {\"log\": false, \"step\": 100, \"low\": 50, \"high\": 150}}"}
{"op_code":5,"worker_id":"6ca48a2e-337c-4210-8f3d-92c6ba2cee38-138053761873600","trial_id":69,"param_name":"rf_max_features","param_value_internal":1,"distribution":"{\"name\": \"CategoricalDistribution\", \"attributes\": {\"choices\": [\"sqrt\", \"log2\"]}}"}
{"op_code":5,"worker_id":"6ca48a2e-337c-4210-8f3d-92c6ba2cee38-138053761873600","trial_id":69,"param_name":"rf_max_depth","param_value_internal":30.0,"distribution":"{\"name\": \"IntDistribution\", \"attributes\": {\"log\": false, \"step\": 10, \"low\": 10, \"high\": 50}}"}
{"op_code":5,"worker_id":"6ca48a2e-337c-4210-8f3d-92c6ba2cee38-138053761873600","trial_id":69,"param_name":"rf_min_samples_split","param_value_internal":3.0,"distribution":"{\"name\": \"IntDistribution\", \"attributes\": {\"log\": false, \"step\": 1, \"low\": 2, \"high\": 10}}"}
{"op_code":5,"worker_id":"6ca48a2e-337c-4210-8f3d-92c6ba2cee38-138053761873600","trial_id":69,"param_name":"rf_min_samples_leaf","param_value_internal":4.0,"distribution":"{\"name\": \"IntDistribution\", \"attributes\": {\"log\": false, \"step\": 1, \"low\": 1, \"high\": 4}}"}
{"op_code":5,"worker_id":"6ca48a2e-337c-4210-8f3d-92c6ba2cee38-138053761873600","trial_id":69,"param_name":"rf_criterion","param_value_internal":1,"distribution":"{\"name\": \"CategoricalDistribution\", \"attributes\": {\"choices\": [\"gini\", \"entropy\"]}}"}
{"op_code":6,"worker_id":"6ca48a2e-337c-4210-8f3d-92c6ba2cee38-138053770266304","trial_id":67,"state":1,"values":[0.537586025086025],"datetime_complete":"2026-03-21T10:06:39.484344"}
{"op_code":4,"worker_id":"6ca48a2e-337c-4210-8f3d-92c6ba2cee38-138053770266304","study_id":5,"datetime_start":"2026-03-21T10:06:39.491630"}
{"op_code":5,"worker_id":"6ca48a2e-337c-4210-8f3d-92c6ba2cee38-138053770266304","trial_id":70,"param_name":"classifier","param_value_internal":2,"distribution":"{\"name\": \"CategoricalDistribution\", \"attributes\": {\"choices\": [\"LogisticRegression\", \"RandomForestClassifier\", \"SVC\"]}}"}
{"op_code":5,"worker_id":"6ca48a2e-337c-4210-8f3d-92c6ba2cee38-138053770266304","trial_id":70,"param_name":"svc_c","param_value_internal":54.29765479210392,"distribution":"{\"name\": \"FloatDistribution\", \"attributes\": {\"step\": null, \"low\": 0.01, \"high\": 100.0, \"log\": true}}"}
{"op_code":5,"worker_id":"6ca48a2e-337c-4210-8f3d-92c6ba2cee38-138053770266304","trial_id":70,"param_name":"svc_kernel","param_value_internal":3,"distribution":"{\"name\": \"CategoricalDistribution\", \"attributes\": {\"choices\": [\"linear\", \"rbf\", \"poly\", \"sigmoid\"]}}"}
{"op_code":5,"worker_id":"6ca48a2e-337c-4210-8f3d-92c6ba2cee38-138053770266304","trial_id":70,"param_name":"svc_gamma","param_value_internal":1,"distribution":"{\"name\": \"CategoricalDistribution\", \"attributes\": {\"choices\": [\"scale\", \"auto\"]}}"}
{"op_code":6,"worker_id":"6ca48a2e-337c-4210-8f3d-92c6ba2cee38-138053770266304","trial_id":70,"state":1,"values":[0.11668539793539794],"datetime_complete":"2026-03-21T10:06:43.265349"}
{"op_code":4,"worker_id":"6ca48a2e-337c-4210-8f3d-92c6ba2cee38-138053770266304","study_id":5,"datetime_start":"2026-03-21T10:06:43.271972"}
{"op_code":5,"worker_id":"6ca48a2e-337c-4210-8f3d-92c6ba2cee38-138053770266304","trial_id":71,"param_name":"classifier","param_value_internal":1,"distribution":"{\"name\": \"CategoricalDistribution\", \"attributes\": {\"choices\": [\"LogisticRegression\", \"RandomForestClassifier\", \"SVC\"]}}"}
{"op_code":5,"worker_id":"6ca48a2e-337c-4210-8f3d-92c6ba2cee38-138053770266304","trial_id":71,"param_name":"rf_estimators","param_value_internal":150.0,"distribution":"{\"name\": \"IntDistribution\", \"attributes\": {\"log\": false, \"step\": 100, \"low\": 50, \"high\": 150}}"}
{"op_code":5,"worker_id":"6ca48a2e-337c-4210-8f3d-92c6ba2cee38-138053770266304","trial_id":71,"param_name":"rf_max_features","param_value_internal":1,"distribution":"{\"name\": \"CategoricalDistribution\", \"attributes\": {\"choices\": [\"sqrt\", \"log2\"]}}"}
{"op_code":5,"worker_id":"6ca48a2e-337c-4210-8f3d-92c6ba2cee38-138053770266304","trial_id":71,"param_name":"rf_max_depth","param_value_internal":30.0,"distribution":"{\"name\": \"IntDistribution\", \"attributes\": {\"log\": false, \"step\": 10, \"low\": 10, \"high\": 50}}"}
{"op_code":5,"worker_id":"6ca48a2e-337c-4210-8f3d-92c6ba2cee38-138053770266304","trial_id":71,"param_name":"rf_min_samples_split","param_value_internal":5.0,"distribution":"{\"name\": \"IntDistribution\", \"attributes\": {\"log\": false, \"step\": 1, \"low\": 2, \"high\": 10}}"}
{"op_code":5,"worker_id":"6ca48a2e-337c-4210-8f3d-92c6ba2cee38-138053770266304","trial_id":71,"param_name":"rf_min_samples_leaf","param_value_internal":4.0,"distribution":"{\"name\": \"IntDistribution\", \"attributes\": {\"log\": false, \"step\": 1, \"low\": 1, \"high\": 4}}"}
{"op_code":5,"worker_id":"6ca48a2e-337c-4210-8f3d-92c6ba2cee38-138053770266304","trial_id":71,"param_name":"rf_criterion","param_value_internal":1,"distribution":"{\"name\": \"CategoricalDistribution\", \"attributes\": {\"choices\": [\"gini\", \"entropy\"]}}"}
{"op_code":6,"worker_id":"6ca48a2e-337c-4210-8f3d-92c6ba2cee38-138053778659008","trial_id":68,"state":1,"values":[0.5302143843810511],"datetime_complete":"2026-03-21T10:06:44.064021"}
{"op_code":4,"worker_id":"6ca48a2e-337c-4210-8f3d-92c6ba2cee38-138053778659008","study_id":5,"datetime_start":"2026-03-21T10:06:44.073321"}
{"op_code":5,"worker_id":"6ca48a2e-337c-4210-8f3d-92c6ba2cee38-138053778659008","trial_id":72,"param_name":"classifier","param_value_internal":1,"distribution":"{\"name\": \"CategoricalDistribution\", \"attributes\": {\"choices\": [\"LogisticRegression\", \"RandomForestClassifier\", \"SVC\"]}}"}
{"op_code":5,"worker_id":"6ca48a2e-337c-4210-8f3d-92c6ba2cee38-138053778659008","trial_id":72,"param_name":"rf_estimators","param_value_internal":150.0,"distribution":"{\"name\": \"IntDistribution\", \"attributes\": {\"log\": false, \"step\": 100, \"low\": 50, \"high\": 150}}"}
{"op_code":5,"worker_id":"6ca48a2e-337c-4210-8f3d-92c6ba2cee38-138053778659008","trial_id":72,"param_name":"rf_max_features","param_value_internal":1,"distribution":"{\"name\": \"CategoricalDistribution\", \"attributes\": {\"choices\": [\"sqrt\", \"log2\"]}}"}
{"op_code":5,"worker_id":"6ca48a2e-337c-4210-8f3d-92c6ba2cee38-138053778659008","trial_id":72,"param_name":"rf_max_depth","param_value_internal":30.0,"distribution":"{\"name\": \"IntDistribution\", \"attributes\": {\"log\": false, \"step\": 10, \"low\": 10, \"high\": 50}}"}
{"op_code":5,"worker_id":"6ca48a2e-337c-4210-8f3d-92c6ba2cee38-138053778659008","trial_id":72,"param_name":"rf_min_samples_split","param_value_internal":5.0,"distribution":"{\"name\": \"IntDistribution\", \"attributes\": {\"log\": false, \"step\": 1, \"low\": 2, \"high\": 10}}"}
{"op_code":5,"worker_id":"6ca48a2e-337c-4210-8f3d-92c6ba2cee38-138053778659008","trial_id":72,"param_name":"rf_min_samples_leaf","param_value_internal":2.0,"distribution":"{\"name\": \"IntDistribution\", \"attributes\": {\"log\": false, \"step\": 1, \"low\": 1, \"high\": 4}}"}
{"op_code":5,"worker_id":"6ca48a2e-337c-4210-8f3d-92c6ba2cee38-138053778659008","trial_id":72,"param_name":"rf_criterion","param_value_internal":1,"distribution":"{\"name\": \"CategoricalDistribution\", \"attributes\": {\"choices\": [\"gini\", \"entropy\"]}}"}
{"op_code":6,"worker_id":"6ca48a2e-337c-4210-8f3d-92c6ba2cee38-138053761873600","trial_id":69,"state":1,"values":[0.5302143843810511],"datetime_complete":"2026-03-21T10:06:49.898361"}
{"op_code":4,"worker_id":"6ca48a2e-337c-4210-8f3d-92c6ba2cee38-138053761873600","study_id":5,"datetime_start":"2026-03-21T10:06:49.903139"}
{"op_code":5,"worker_id":"6ca48a2e-337c-4210-8f3d-92c6ba2cee38-138053761873600","trial_id":73,"param_name":"classifier","param_value_internal":1,"distribution":"{\"name\": \"CategoricalDistribution\", \"attributes\": {\"choices\": [\"LogisticRegression\", \"RandomForestClassifier\", \"SVC\"]}}"}
{"op_code":5,"worker_id":"6ca48a2e-337c-4210-8f3d-92c6ba2cee38-138053761873600","trial_id":73,"param_name":"rf_estimators","param_value_internal":150.0,"distribution":"{\"name\": \"IntDistribution\", \"attributes\": {\"log\": false, \"step\": 100, \"low\": 50, \"high\": 150}}"}
{"op_code":5,"worker_id":"6ca48a2e-337c-4210-8f3d-92c6ba2cee38-138053761873600","trial_id":73,"param_name":"rf_max_features","param_value_internal":0,"distribution":"{\"name\": \"CategoricalDistribution\", \"attributes\": {\"choices\": [\"sqrt\", \"log2\"]}}"}
{"op_code":5,"worker_id":"6ca48a2e-337c-4210-8f3d-92c6ba2cee38-138053761873600","trial_id":73,"param_name":"rf_max_depth","param_value_internal":10.0,"distribution":"{\"name\": \"IntDistribution\", \"attributes\": {\"log\": false, \"step\": 10, \"low\": 10, \"high\": 50}}"}
{"op_code":5,"worker_id":"6ca48a2e-337c-4210-8f3d-92c6ba2cee38-138053761873600","trial_id":73,"param_name":"rf_min_samples_split","param_value_internal":8.0,"distribution":"{\"name\": \"IntDistribution\", \"attributes\": {\"log\": false, \"step\": 1, \"low\": 2, \"high\": 10}}"}
{"op_code":5,"worker_id":"6ca48a2e-337c-4210-8f3d-92c6ba2cee38-138053761873600","trial_id":73,"param_name":"rf_min_samples_leaf","param_value_internal":2.0,"distribution":"{\"name\": \"IntDistribution\", \"attributes\": {\"log\": false, \"step\": 1, \"low\": 1, \"high\": 4}}"}
{"op_code":5,"worker_id":"6ca48a2e-337c-4210-8f3d-92c6ba2cee38-138053761873600","trial_id":73,"param_name":"rf_criterion","param_value_internal":0,"distribution":"{\"name\": \"CategoricalDistribution\", \"attributes\": {\"choices\": [\"gini\", \"entropy\"]}}"}
{"op_code":6,"worker_id":"6ca48a2e-337c-4210-8f3d-92c6ba2cee38-138053770266304","trial_id":71,"state":1,"values":[0.5302143843810511],"datetime_complete":"2026-03-21T10:06:54.232673"}
{"op_code":4,"worker_id":"6ca48a2e-337c-4210-8f3d-92c6ba2cee38-138053770266304","study_id":5,"datetime_start":"2026-03-21T10:06:54.241110"}
{"op_code":5,"worker_id":"6ca48a2e-337c-4210-8f3d-92c6ba2cee38-138053770266304","trial_id":74,"param_name":"classifier","param_value_internal":1,"distribution":"{\"name\": \"CategoricalDistribution\", \"attributes\": {\"choices\": [\"LogisticRegression\", \"RandomForestClassifier\", \"SVC\"]}}"}
{"op_code":5,"worker_id":"6ca48a2e-337c-4210-8f3d-92c6ba2cee38-138053770266304","trial_id":74,"param_name":"rf_estimators","param_value_internal":150.0,"distribution":"{\"name\": \"IntDistribution\", \"attributes\": {\"log\": false, \"step\": 100, \"low\": 50, \"high\": 150}}"}
{"op_code":5,"worker_id":"6ca48a2e-337c-4210-8f3d-92c6ba2cee38-138053770266304","trial_id":74,"param_name":"rf_max_features","param_value_internal":1,"distribution":"{\"name\": \"CategoricalDistribution\", \"attributes\": {\"choices\": [\"sqrt\", \"log2\"]}}"}
{"op_code":5,"worker_id":"6ca48a2e-337c-4210-8f3d-92c6ba2cee38-138053770266304","trial_id":74,"param_name":"rf_max_depth","param_value_internal":50.0,"distribution":"{\"name\": \"IntDistribution\", \"attributes\": {\"log\": false, \"step\": 10, \"low\": 10, \"high\": 50}}"}
{"op_code":5,"worker_id":"6ca48a2e-337c-4210-8f3d-92c6ba2cee38-138053770266304","trial_id":74,"param_name":"rf_min_samples_split","param_value_internal":8.0,"distribution":"{\"name\": \"IntDistribution\", \"attributes\": {\"log\": false, \"step\": 1, \"low\": 2, \"high\": 10}}"}
{"op_code":5,"worker_id":"6ca48a2e-337c-4210-8f3d-92c6ba2cee38-138053770266304","trial_id":74,"param_name":"rf_min_samples_leaf","param_value_internal":2.0,"distribution":"{\"name\": \"IntDistribution\", \"attributes\": {\"log\": false, \"step\": 1, \"low\": 1, \"high\": 4}}"}
{"op_code":5,"worker_id":"6ca48a2e-337c-4210-8f3d-92c6ba2cee38-138053770266304","trial_id":74,"param_name":"rf_criterion","param_value_internal":1,"distribution":"{\"name\": \"CategoricalDistribution\", \"attributes\": {\"choices\": [\"gini\", \"entropy\"]}}"}
{"op_code":6,"worker_id":"6ca48a2e-337c-4210-8f3d-92c6ba2cee38-138053761873600","trial_id":73,"state":1,"values":[0.5044078606578607],"datetime_complete":"2026-03-21T10:06:54.889062"}
{"op_code":4,"worker_id":"6ca48a2e-337c-4210-8f3d-92c6ba2cee38-138053761873600","study_id":5,"datetime_start":"2026-03-21T10:06:54.893870"}
{"op_code":5,"worker_id":"6ca48a2e-337c-4210-8f3d-92c6ba2cee38-138053761873600","trial_id":75,"param_name":"classifier","param_value_internal":1,"distribution":"{\"name\": \"CategoricalDistribution\", \"attributes\": {\"choices\": [\"LogisticRegression\", \"RandomForestClassifier\", \"SVC\"]}}"}
{"op_code":5,"worker_id":"6ca48a2e-337c-4210-8f3d-92c6ba2cee38-138053761873600","trial_id":75,"param_name":"rf_estimators","param_value_internal":150.0,"distribution":"{\"name\": \"IntDistribution\", \"attributes\": {\"log\": false, \"step\": 100, \"low\": 50, \"high\": 150}}"}
{"op_code":5,"worker_id":"6ca48a2e-337c-4210-8f3d-92c6ba2cee38-138053761873600","trial_id":75,"param_name":"rf_max_features","param_value_internal":1,"distribution":"{\"name\": \"CategoricalDistribution\", \"attributes\": {\"choices\": [\"sqrt\", \"log2\"]}}"}
{"op_code":5,"worker_id":"6ca48a2e-337c-4210-8f3d-92c6ba2cee38-138053761873600","trial_id":75,"param_name":"rf_max_depth","param_value_internal":50.0,"distribution":"{\"name\": \"IntDistribution\", \"attributes\": {\"log\": false, \"step\": 10, \"low\": 10, \"high\": 50}}"}
{"op_code":5,"worker_id":"6ca48a2e-337c-4210-8f3d-92c6ba2cee38-138053761873600","trial_id":75,"param_name":"rf_min_samples_split","param_value_internal":8.0,"distribution":"{\"name\": \"IntDistribution\", \"attributes\": {\"log\": false, \"step\": 1, \"low\": 2, \"high\": 10}}"}
{"op_code":5,"worker_id":"6ca48a2e-337c-4210-8f3d-92c6ba2cee38-138053761873600","trial_id":75,"param_name":"rf_min_samples_leaf","param_value_internal":3.0,"distribution":"{\"name\": \"IntDistribution\", \"attributes\": {\"log\": false, \"step\": 1, \"low\": 1, \"high\": 4}}"}
{"op_code":5,"worker_id":"6ca48a2e-337c-4210-8f3d-92c6ba2cee38-138053761873600","trial_id":75,"param_name":"rf_criterion","param_value_internal":1,"distribution":"{\"name\": \"CategoricalDistribution\", \"attributes\": {\"choices\": [\"gini\", \"entropy\"]}}"}
{"op_code":6,"worker_id":"6ca48a2e-337c-4210-8f3d-92c6ba2cee38-138053778659008","trial_id":72,"state":1,"values":[0.5428769532936201],"datetime_complete":"2026-03-21T10:06:55.919625"}
{"op_code":4,"worker_id":"6ca48a2e-337c-4210-8f3d-92c6ba2cee38-138053778659008","study_id":5,"datetime_start":"2026-03-21T10:06:55.926211"}
{"op_code":5,"worker_id":"6ca48a2e-337c-4210-8f3d-92c6ba2cee38-138053778659008","trial_id":76,"param_name":"classifier","param_value_internal":1,"distribution":"{\"name\": \"CategoricalDistribution\", \"attributes\": {\"choices\": [\"LogisticRegression\", \"RandomForestClassifier\", \"SVC\"]}}"}
{"op_code":5,"worker_id":"6ca48a2e-337c-4210-8f3d-92c6ba2cee38-138053778659008","trial_id":76,"param_name":"rf_estimators","param_value_internal":150.0,"distribution":"{\"name\": \"IntDistribution\", \"attributes\": {\"log\": false, \"step\": 100, \"low\": 50, \"high\": 150}}"}
{"op_code":5,"worker_id":"6ca48a2e-337c-4210-8f3d-92c6ba2cee38-138053778659008","trial_id":76,"param_name":"rf_max_features","param_value_internal":1,"distribution":"{\"name\": \"CategoricalDistribution\", \"attributes\": {\"choices\": [\"sqrt\", \"log2\"]}}"}
{"op_code":5,"worker_id":"6ca48a2e-337c-4210-8f3d-92c6ba2cee38-138053778659008","trial_id":76,"param_name":"rf_max_depth","param_value_internal":30.0,"distribution":"{\"name\": \"IntDistribution\", \"attributes\": {\"log\": false, \"step\": 10, \"low\": 10, \"high\": 50}}"}
{"op_code":5,"worker_id":"6ca48a2e-337c-4210-8f3d-92c6ba2cee38-138053778659008","trial_id":76,"param_name":"rf_min_samples_split","param_value_internal":5.0,"distribution":"{\"name\": \"IntDistribution\", \"attributes\": {\"log\": false, \"step\": 1, \"low\": 2, \"high\": 10}}"}
{"op_code":5,"worker_id":"6ca48a2e-337c-4210-8f3d-92c6ba2cee38-138053778659008","trial_id":76,"param_name":"rf_min_samples_leaf","param_value_internal":2.0,"distribution":"{\"name\": \"IntDistribution\", \"attributes\": {\"log\": false, \"step\": 1, \"low\": 1, \"high\": 4}}"}
{"op_code":5,"worker_id":"6ca48a2e-337c-4210-8f3d-92c6ba2cee38-138053778659008","trial_id":76,"param_name":"rf_criterion","param_value_internal":1,"distribution":"{\"name\": \"CategoricalDistribution\", \"attributes\": {\"choices\": [\"gini\", \"entropy\"]}}"}
{"op_code":6,"worker_id":"6ca48a2e-337c-4210-8f3d-92c6ba2cee38-138053770266304","trial_id":74,"state":1,"values":[0.5428762595429262],"datetime_complete":"2026-03-21T10:07:05.532816"}
{"op_code":4,"worker_id":"6ca48a2e-337c-4210-8f3d-92c6ba2cee38-138053770266304","study_id":5,"datetime_start":"2026-03-21T10:07:05.539549"}
{"op_code":5,"worker_id":"6ca48a2e-337c-4210-8f3d-92c6ba2cee38-138053770266304","trial_id":77,"param_name":"classifier","param_value_internal":1,"distribution":"{\"name\": \"CategoricalDistribution\", \"attributes\": {\"choices\": [\"LogisticRegression\", \"RandomForestClassifier\", \"SVC\"]}}"}
{"op_code":5,"worker_id":"6ca48a2e-337c-4210-8f3d-92c6ba2cee38-138053770266304","trial_id":77,"param_name":"rf_estimators","param_value_internal":150.0,"distribution":"{\"name\": \"IntDistribution\", \"attributes\": {\"log\": false, \"step\": 100, \"low\": 50, \"high\": 150}}"}
{"op_code":5,"worker_id":"6ca48a2e-337c-4210-8f3d-92c6ba2cee38-138053770266304","trial_id":77,"param_name":"rf_max_features","param_value_internal":1,"distribution":"{\"name\": \"CategoricalDistribution\", \"attributes\": {\"choices\": [\"sqrt\", \"log2\"]}}"}
{"op_code":5,"worker_id":"6ca48a2e-337c-4210-8f3d-92c6ba2cee38-138053770266304","trial_id":77,"param_name":"rf_max_depth","param_value_internal":30.0,"distribution":"{\"name\": \"IntDistribution\", \"attributes\": {\"log\": false, \"step\": 10, \"low\": 10, \"high\": 50}}"}
{"op_code":5,"worker_id":"6ca48a2e-337c-4210-8f3d-92c6ba2cee38-138053770266304","trial_id":77,"param_name":"rf_min_samples_split","param_value_internal":8.0,"distribution":"{\"name\": \"IntDistribution\", \"attributes\": {\"log\": false, \"step\": 1, \"low\": 2, \"high\": 10}}"}
{"op_code":5,"worker_id":"6ca48a2e-337c-4210-8f3d-92c6ba2cee38-138053770266304","trial_id":77,"param_name":"rf_min_samples_leaf","param_value_internal":2.0,"distribution":"{\"name\": \"IntDistribution\", \"attributes\": {\"log\": false, \"step\": 1, \"low\": 1, \"high\": 4}}"}
{"op_code":5,"worker_id":"6ca48a2e-337c-4210-8f3d-92c6ba2cee38-138053770266304","trial_id":77,"param_name":"rf_criterion","param_value_internal":1,"distribution":"{\"name\": \"CategoricalDistribution\", \"attributes\": {\"choices\": [\"gini\", \"entropy\"]}}"}
{"op_code":6,"worker_id":"6ca48a2e-337c-4210-8f3d-92c6ba2cee38-138053761873600","trial_id":75,"state":1,"values":[0.5332589478422811],"datetime_complete":"2026-03-21T10:07:05.990802"}
{"op_code":4,"worker_id":"6ca48a2e-337c-4210-8f3d-92c6ba2cee38-138053761873600","study_id":5,"datetime_start":"2026-03-21T10:07:05.995537"}
{"op_code":5,"worker_id":"6ca48a2e-337c-4210-8f3d-92c6ba2cee38-138053761873600","trial_id":78,"param_name":"classifier","param_value_internal":1,"distribution":"{\"name\": \"CategoricalDistribution\", \"attributes\": {\"choices\": [\"LogisticRegression\", \"RandomForestClassifier\", \"SVC\"]}}"}
{"op_code":5,"worker_id":"6ca48a2e-337c-4210-8f3d-92c6ba2cee38-138053761873600","trial_id":78,"param_name":"rf_estimators","param_value_internal":150.0,"distribution":"{\"name\": \"IntDistribution\", \"attributes\": {\"log\": false, \"step\": 100, \"low\": 50, \"high\": 150}}"}
{"op_code":5,"worker_id":"6ca48a2e-337c-4210-8f3d-92c6ba2cee38-138053761873600","trial_id":78,"param_name":"rf_max_features","param_value_internal":1,"distribution":"{\"name\": \"CategoricalDistribution\", \"attributes\": {\"choices\": [\"sqrt\", \"log2\"]}}"}
{"op_code":5,"worker_id":"6ca48a2e-337c-4210-8f3d-92c6ba2cee38-138053761873600","trial_id":78,"param_name":"rf_max_depth","param_value_internal":30.0,"distribution":"{\"name\": \"IntDistribution\", \"attributes\": {\"log\": false, \"step\": 10, \"low\": 10, \"high\": 50}}"}
{"op_code":5,"worker_id":"6ca48a2e-337c-4210-8f3d-92c6ba2cee38-138053761873600","trial_id":78,"param_name":"rf_min_samples_split","param_value_internal":5.0,"distribution":"{\"name\": \"IntDistribution\", \"attributes\": {\"log\": false, \"step\": 1, \"low\": 2, \"high\": 10}}"}
{"op_code":5,"worker_id":"6ca48a2e-337c-4210-8f3d-92c6ba2cee38-138053761873600","trial_id":78,"param_name":"rf_min_samples_leaf","param_value_internal":2.0,"distribution":"{\"name\": \"IntDistribution\", \"attributes\": {\"log\": false, \"step\": 1, \"low\": 1, \"high\": 4}}"}
{"op_code":5,"worker_id":"6ca48a2e-337c-4210-8f3d-92c6ba2cee38-138053761873600","trial_id":78,"param_name":"rf_criterion","param_value_internal":1,"distribution":"{\"name\": \"CategoricalDistribution\", \"attributes\": {\"choices\": [\"gini\", \"entropy\"]}}"}
{"op_code":6,"worker_id":"6ca48a2e-337c-4210-8f3d-92c6ba2cee38-138053778659008","trial_id":76,"state":1,"values":[0.5428769532936201],"datetime_complete":"2026-03-21T10:07:07.522400"}
{"op_code":4,"worker_id":"6ca48a2e-337c-4210-8f3d-92c6ba2cee38-138053778659008","study_id":5,"datetime_start":"2026-03-21T10:07:07.531296"}
{"op_code":5,"worker_id":"6ca48a2e-337c-4210-8f3d-92c6ba2cee38-138053778659008","trial_id":79,"param_name":"classifier","param_value_internal":2,"distribution":"{\"name\": \"CategoricalDistribution\", \"attributes\": {\"choices\": [\"LogisticRegression\", \"RandomForestClassifier\", \"SVC\"]}}"}
{"op_code":5,"worker_id":"6ca48a2e-337c-4210-8f3d-92c6ba2cee38-138053778659008","trial_id":79,"param_name":"svc_c","param_value_internal":0.010293660257578293,"distribution":"{\"name\": \"FloatDistribution\", \"attributes\": {\"step\": null, \"low\": 0.01, \"high\": 100.0, \"log\": true}}"}
{"op_code":5,"worker_id":"6ca48a2e-337c-4210-8f3d-92c6ba2cee38-138053778659008","trial_id":79,"param_name":"svc_kernel","param_value_internal":0,"distribution":"{\"name\": \"CategoricalDistribution\", \"attributes\": {\"choices\": [\"linear\", \"rbf\", \"poly\", \"sigmoid\"]}}"}
{"op_code":5,"worker_id":"6ca48a2e-337c-4210-8f3d-92c6ba2cee38-138053778659008","trial_id":79,"param_name":"svc_gamma","param_value_internal":1,"distribution":"{\"name\": \"CategoricalDistribution\", \"attributes\": {\"choices\": [\"scale\", \"auto\"]}}"}
{"op_code":6,"worker_id":"6ca48a2e-337c-4210-8f3d-92c6ba2cee38-138053770266304","trial_id":77,"state":1,"values":[0.5428762595429262],"datetime_complete":"2026-03-21T10:07:16.762624"}
{"op_code":4,"worker_id":"6ca48a2e-337c-4210-8f3d-92c6ba2cee38-138053770266304","study_id":5,"datetime_start":"2026-03-21T10:07:16.767870"}
{"op_code":5,"worker_id":"6ca48a2e-337c-4210-8f3d-92c6ba2cee38-138053770266304","trial_id":80,"param_name":"classifier","param_value_internal":2,"distribution":"{\"name\": \"CategoricalDistribution\", \"attributes\": {\"choices\": [\"LogisticRegression\", \"RandomForestClassifier\", \"SVC\"]}}"}
{"op_code":5,"worker_id":"6ca48a2e-337c-4210-8f3d-92c6ba2cee38-138053770266304","trial_id":80,"param_name":"svc_c","param_value_internal":0.010622739621499903,"distribution":"{\"name\": \"FloatDistribution\", \"attributes\": {\"step\": null, \"low\": 0.01, \"high\": 100.0, \"log\": true}}"}
{"op_code":5,"worker_id":"6ca48a2e-337c-4210-8f3d-92c6ba2cee38-138053770266304","trial_id":80,"param_name":"svc_kernel","param_value_internal":2,"distribution":"{\"name\": \"CategoricalDistribution\", \"attributes\": {\"choices\": [\"linear\", \"rbf\", \"poly\", \"sigmoid\"]}}"}
{"op_code":5,"worker_id":"6ca48a2e-337c-4210-8f3d-92c6ba2cee38-138053770266304","trial_id":80,"param_name":"svc_gamma","param_value_internal":0,"distribution":"{\"name\": \"CategoricalDistribution\", \"attributes\": {\"choices\": [\"scale\", \"auto\"]}}"}
{"op_code":6,"worker_id":"6ca48a2e-337c-4210-8f3d-92c6ba2cee38-138053761873600","trial_id":78,"state":1,"values":[0.5428769532936201],"datetime_complete":"2026-03-21T10:07:17.295388"}
{"op_code":4,"worker_id":"6ca48a2e-337c-4210-8f3d-92c6ba2cee38-138053761873600","study_id":5,"datetime_start":"2026-03-21T10:07:17.301728"}
{"op_code":5,"worker_id":"6ca48a2e-337c-4210-8f3d-92c6ba2cee38-138053761873600","trial_id":81,"param_name":"classifier","param_value_internal":2,"distribution":"{\"name\": \"CategoricalDistribution\", \"attributes\": {\"choices\": [\"LogisticRegression\", \"RandomForestClassifier\", \"SVC\"]}}"}
{"op_code":5,"worker_id":"6ca48a2e-337c-4210-8f3d-92c6ba2cee38-138053761873600","trial_id":81,"param_name":"svc_c","param_value_internal":0.014906761071203799,"distribution":"{\"name\": \"FloatDistribution\", \"attributes\": {\"step\": null, \"low\": 0.01, \"high\": 100.0, \"log\": true}}"}
{"op_code":5,"worker_id":"6ca48a2e-337c-4210-8f3d-92c6ba2cee38-138053761873600","trial_id":81,"param_name":"svc_kernel","param_value_internal":0,"distribution":"{\"name\": \"CategoricalDistribution\", \"attributes\": {\"choices\": [\"linear\", \"rbf\", \"poly\", \"sigmoid\"]}}"}
{"op_code":5,"worker_id":"6ca48a2e-337c-4210-8f3d-92c6ba2cee38-138053761873600","trial_id":81,"param_name":"svc_gamma","param_value_internal":1,"distribution":"{\"name\": \"CategoricalDistribution\", \"attributes\": {\"choices\": [\"scale\", \"auto\"]}}"}
{"op_code":6,"worker_id":"6ca48a2e-337c-4210-8f3d-92c6ba2cee38-138053770266304","trial_id":80,"state":1,"values":[0.11668539793539794],"datetime_complete":"2026-03-21T10:07:20.854453"}
{"op_code":4,"worker_id":"6ca48a2e-337c-4210-8f3d-92c6ba2cee38-138053770266304","study_id":5,"datetime_start":"2026-03-21T10:07:20.859020"}
{"op_code":5,"worker_id":"6ca48a2e-337c-4210-8f3d-92c6ba2cee38-138053770266304","trial_id":82,"param_name":"classifier","param_value_internal":2,"distribution":"{\"name\": \"CategoricalDistribution\", \"attributes\": {\"choices\": [\"LogisticRegression\", \"RandomForestClassifier\", \"SVC\"]}}"}
{"op_code":5,"worker_id":"6ca48a2e-337c-4210-8f3d-92c6ba2cee38-138053770266304","trial_id":82,"param_name":"svc_c","param_value_internal":83.46416411007291,"distribution":"{\"name\": \"FloatDistribution\", \"attributes\": {\"step\": null, \"low\": 0.01, \"high\": 100.0, \"log\": true}}"}
{"op_code":5,"worker_id":"6ca48a2e-337c-4210-8f3d-92c6ba2cee38-138053770266304","trial_id":82,"param_name":"svc_kernel","param_value_internal":0,"distribution":"{\"name\": \"CategoricalDistribution\", \"attributes\": {\"choices\": [\"linear\", \"rbf\", \"poly\", \"sigmoid\"]}}"}
{"op_code":5,"worker_id":"6ca48a2e-337c-4210-8f3d-92c6ba2cee38-138053770266304","trial_id":82,"param_name":"svc_gamma","param_value_internal":1,"distribution":"{\"name\": \"CategoricalDistribution\", \"attributes\": {\"choices\": [\"scale\", \"auto\"]}}"}
{"op_code":0,"worker_id":"246b9338-27de-4a68-8c4c-9b905b2f92ea-137371811460608","study_name":"no-name-b42ba6bb-fa4d-4ee1-9345-db2040269a21","directions":[2]}
{"op_code":4,"worker_id":"246b9338-27de-4a68-8c4c-9b905b2f92ea-137370491287232","study_id":6,"datetime_start":"2026-03-21T10:08:21.144266"}
{"op_code":5,"worker_id":"246b9338-27de-4a68-8c4c-9b905b2f92ea-137370491287232","trial_id":83,"param_name":"classifier","param_value_internal":0,"distribution":"{\"name\": \"CategoricalDistribution\", \"attributes\": {\"choices\": [\"LogisticRegression\", \"RandomForestClassifier\", \"SVC\"]}}"}
{"op_code":4,"worker_id":"246b9338-27de-4a68-8c4c-9b905b2f92ea-137370482894528","study_id":6,"datetime_start":"2026-03-21T10:08:21.153002"}
{"op_code":4,"worker_id":"246b9338-27de-4a68-8c4c-9b905b2f92ea-137370474501824","study_id":6,"datetime_start":"2026-03-21T10:08:21.158074"}
{"op_code":5,"worker_id":"246b9338-27de-4a68-8c4c-9b905b2f92ea-137370491287232","trial_id":83,"param_name":"lr_c","param_value_internal":0.12378000217125983,"distribution":"{\"name\": \"FloatDistribution\", \"attributes\": {\"step\": null, \"low\": 0.0001, \"high\": 10000.0, \"log\": true}}"}
{"op_code":5,"worker_id":"246b9338-27de-4a68-8c4c-9b905b2f92ea-137370491287232","trial_id":83,"param_name":"lr_solver","param_value_internal":0,"distribution":"{\"name\": \"CategoricalDistribution\", \"attributes\": {\"choices\": [\"lbfgs\", \"saga\"]}}"}
{"op_code":5,"worker_id":"246b9338-27de-4a68-8c4c-9b905b2f92ea-137370482894528","trial_id":84,"param_name":"classifier","param_value_internal":0,"distribution":"{\"name\": \"CategoricalDistribution\", \"attributes\": {\"choices\": [\"LogisticRegression\", \"RandomForestClassifier\", \"SVC\"]}}"}
{"op_code":5,"worker_id":"246b9338-27de-4a68-8c4c-9b905b2f92ea-137370482894528","trial_id":84,"param_name":"lr_c","param_value_internal":439.9687666146284,"distribution":"{\"name\": \"FloatDistribution\", \"attributes\": {\"step\": null, \"low\": 0.0001, \"high\": 10000.0, \"log\": true}}"}
{"op_code":5,"worker_id":"246b9338-27de-4a68-8c4c-9b905b2f92ea-137370491287232","trial_id":83,"param_name":"lr_penalty","param_value_internal":1,"distribution":"{\"name\": \"CategoricalDistribution\", \"attributes\": {\"choices\": [\"l1\", \"l2\"]}}"}
{"op_code":5,"worker_id":"246b9338-27de-4a68-8c4c-9b905b2f92ea-137370491287232","trial_id":83,"param_name":"lr_max_iter","param_value_internal":600.0,"distribution":"{\"name\": \"IntDistribution\", \"attributes\": {\"log\": false, \"step\": 100, \"low\": 100, \"high\": 1000}}"}
{"op_code":6,"worker_id":"246b9338-27de-4a68-8c4c-9b905b2f92ea-137370491287232","trial_id":83,"state":3,"values":null,"datetime_complete":"2026-03-21T10:08:21.192814"}
{"op_code":5,"worker_id":"246b9338-27de-4a68-8c4c-9b905b2f92ea-137370482894528","trial_id":84,"param_name":"lr_solver","param_value_internal":0,"distribution":"{\"name\": \"CategoricalDistribution\", \"attributes\": {\"choices\": [\"lbfgs\", \"saga\"]}}"}
{"op_code":5,"worker_id":"246b9338-27de-4a68-8c4c-9b905b2f92ea-137370482894528","trial_id":84,"param_name":"lr_penalty","param_value_internal":1,"distribution":"{\"name\": \"CategoricalDistribution\", \"attributes\": {\"choices\": [\"l1\", \"l2\"]}}"}
{"op_code":5,"worker_id":"246b9338-27de-4a68-8c4c-9b905b2f92ea-137370474501824","trial_id":85,"param_name":"classifier","param_value_internal":2,"distribution":"{\"name\": \"CategoricalDistribution\", \"attributes\": {\"choices\": [\"LogisticRegression\", \"RandomForestClassifier\", \"SVC\"]}}"}
{"op_code":5,"worker_id":"246b9338-27de-4a68-8c4c-9b905b2f92ea-137370474501824","trial_id":85,"param_name":"svc_c","param_value_internal":0.20588648660096717,"distribution":"{\"name\": \"FloatDistribution\", \"attributes\": {\"step\": null, \"low\": 0.01, \"high\": 100.0, \"log\": true}}"}
{"op_code":5,"worker_id":"246b9338-27de-4a68-8c4c-9b905b2f92ea-137370482894528","trial_id":84,"param_name":"lr_max_iter","param_value_internal":700.0,"distribution":"{\"name\": \"IntDistribution\", \"attributes\": {\"log\": false, \"step\": 100, \"low\": 100, \"high\": 1000}}"}
{"op_code":6,"worker_id":"246b9338-27de-4a68-8c4c-9b905b2f92ea-137370482894528","trial_id":84,"state":3,"values":null,"datetime_complete":"2026-03-21T10:08:21.221407"}
{"op_code":5,"worker_id":"246b9338-27de-4a68-8c4c-9b905b2f92ea-137370474501824","trial_id":85,"param_name":"svc_kernel","param_value_internal":1,"distribution":"{\"name\": \"CategoricalDistribution\", \"attributes\": {\"choices\": [\"linear\", \"rbf\", \"poly\", \"sigmoid\"]}}"}
{"op_code":5,"worker_id":"246b9338-27de-4a68-8c4c-9b905b2f92ea-137370474501824","trial_id":85,"param_name":"svc_gamma","param_value_internal":1,"distribution":"{\"name\": \"CategoricalDistribution\", \"attributes\": {\"choices\": [\"scale\", \"auto\"]}}"}
{"op_code":6,"worker_id":"246b9338-27de-4a68-8c4c-9b905b2f92ea-137370474501824","trial_id":85,"state":3,"values":null,"datetime_complete":"2026-03-21T10:08:21.232561"}
{"op_code":0,"worker_id":"969ec035-9d98-4baf-8b8f-aeb5647905cb-137371811460608","study_name":"no-name-6de448fc-9e72-4ace-bb91-5338238d27bb","directions":[2]}
{"op_code":4,"worker_id":"969ec035-9d98-4baf-8b8f-aeb5647905cb-137364152075968","study_id":7,"datetime_start":"2026-03-21T10:09:20.562659"}
{"op_code":4,"worker_id":"969ec035-9d98-4baf-8b8f-aeb5647905cb-137364143683264","study_id":7,"datetime_start":"2026-03-21T10:09:20.567886"}
{"op_code":5,"worker_id":"969ec035-9d98-4baf-8b8f-aeb5647905cb-137364152075968","trial_id":86,"param_name":"classifier","param_value_internal":1,"distribution":"{\"name\": \"CategoricalDistribution\", \"attributes\": {\"choices\": [\"LogisticRegression\", \"RandomForestClassifier\", \"SVC\"]}}"}
{"op_code":4,"worker_id":"969ec035-9d98-4baf-8b8f-aeb5647905cb-137363925759680","study_id":7,"datetime_start":"2026-03-21T10:09:20.567647"}
{"op_code":5,"worker_id":"969ec035-9d98-4baf-8b8f-aeb5647905cb-137364152075968","trial_id":86,"param_name":"rf_estimators","param_value_internal":50.0,"distribution":"{\"name\": \"IntDistribution\", \"attributes\": {\"log\": false, \"step\": 100, \"low\": 50, \"high\": 150}}"}
{"op_code":5,"worker_id":"969ec035-9d98-4baf-8b8f-aeb5647905cb-137364143683264","trial_id":87,"param_name":"classifier","param_value_internal":1,"distribution":"{\"name\": \"CategoricalDistribution\", \"attributes\": {\"choices\": [\"LogisticRegression\", \"RandomForestClassifier\", \"SVC\"]}}"}
{"op_code":5,"worker_id":"969ec035-9d98-4baf-8b8f-aeb5647905cb-137364152075968","trial_id":86,"param_name":"rf_max_features","param_value_internal":1,"distribution":"{\"name\": \"CategoricalDistribution\", \"attributes\": {\"choices\": [\"sqrt\", \"log2\"]}}"}
{"op_code":5,"worker_id":"969ec035-9d98-4baf-8b8f-aeb5647905cb-137364143683264","trial_id":87,"param_name":"rf_estimators","param_value_internal":150.0,"distribution":"{\"name\": \"IntDistribution\", \"attributes\": {\"log\": false, \"step\": 100, \"low\": 50, \"high\": 150}}"}
{"op_code":5,"worker_id":"969ec035-9d98-4baf-8b8f-aeb5647905cb-137363925759680","trial_id":88,"param_name":"classifier","param_value_internal":2,"distribution":"{\"name\": \"CategoricalDistribution\", \"attributes\": {\"choices\": [\"LogisticRegression\", \"RandomForestClassifier\", \"SVC\"]}}"}
{"op_code":5,"worker_id":"969ec035-9d98-4baf-8b8f-aeb5647905cb-137364152075968","trial_id":86,"param_name":"rf_max_depth","param_value_internal":30.0,"distribution":"{\"name\": \"IntDistribution\", \"attributes\": {\"log\": false, \"step\": 10, \"low\": 10, \"high\": 50}}"}
{"op_code":5,"worker_id":"969ec035-9d98-4baf-8b8f-aeb5647905cb-137364143683264","trial_id":87,"param_name":"rf_max_features","param_value_internal":1,"distribution":"{\"name\": \"CategoricalDistribution\", \"attributes\": {\"choices\": [\"sqrt\", \"log2\"]}}"}
{"op_code":5,"worker_id":"969ec035-9d98-4baf-8b8f-aeb5647905cb-137364143683264","trial_id":87,"param_name":"rf_max_depth","param_value_internal":40.0,"distribution":"{\"name\": \"IntDistribution\", \"attributes\": {\"log\": false, \"step\": 10, \"low\": 10, \"high\": 50}}"}
{"op_code":5,"worker_id":"969ec035-9d98-4baf-8b8f-aeb5647905cb-137364152075968","trial_id":86,"param_name":"rf_min_samples_split","param_value_internal":6.0,"distribution":"{\"name\": \"IntDistribution\", \"attributes\": {\"log\": false, \"step\": 1, \"low\": 2, \"high\": 10}}"}
{"op_code":5,"worker_id":"969ec035-9d98-4baf-8b8f-aeb5647905cb-137363925759680","trial_id":88,"param_name":"svc_c","param_value_internal":0.01283783581309482,"distribution":"{\"name\": \"FloatDistribution\", \"attributes\": {\"step\": null, \"low\": 0.01, \"high\": 100.0, \"log\": true}}"}
{"op_code":5,"worker_id":"969ec035-9d98-4baf-8b8f-aeb5647905cb-137364143683264","trial_id":87,"param_name":"rf_min_samples_split","param_value_internal":4.0,"distribution":"{\"name\": \"IntDistribution\", \"attributes\": {\"log\": false, \"step\": 1, \"low\": 2, \"high\": 10}}"}
{"op_code":5,"worker_id":"969ec035-9d98-4baf-8b8f-aeb5647905cb-137364152075968","trial_id":86,"param_name":"rf_min_samples_leaf","param_value_internal":2.0,"distribution":"{\"name\": \"IntDistribution\", \"attributes\": {\"log\": false, \"step\": 1, \"low\": 1, \"high\": 4}}"}
{"op_code":5,"worker_id":"969ec035-9d98-4baf-8b8f-aeb5647905cb-137363925759680","trial_id":88,"param_name":"svc_kernel","param_value_internal":0,"distribution":"{\"name\": \"CategoricalDistribution\", \"attributes\": {\"choices\": [\"linear\", \"rbf\", \"poly\", \"sigmoid\"]}}"}
{"op_code":5,"worker_id":"969ec035-9d98-4baf-8b8f-aeb5647905cb-137363925759680","trial_id":88,"param_name":"svc_gamma","param_value_internal":0,"distribution":"{\"name\": \"CategoricalDistribution\", \"attributes\": {\"choices\": [\"scale\", \"auto\"]}}"}
{"op_code":5,"worker_id":"969ec035-9d98-4baf-8b8f-aeb5647905cb-137364152075968","trial_id":86,"param_name":"rf_criterion","param_value_internal":0,"distribution":"{\"name\": \"CategoricalDistribution\", \"attributes\": {\"choices\": [\"gini\", \"entropy\"]}}"}
{"op_code":5,"worker_id":"969ec035-9d98-4baf-8b8f-aeb5647905cb-137364143683264","trial_id":87,"param_name":"rf_min_samples_leaf","param_value_internal":4.0,"distribution":"{\"name\": \"IntDistribution\", \"attributes\": {\"log\": false, \"step\": 1, \"low\": 1, \"high\": 4}}"}
{"op_code":5,"worker_id":"969ec035-9d98-4baf-8b8f-aeb5647905cb-137364143683264","trial_id":87,"param_name":"rf_criterion","param_value_internal":1,"distribution":"{\"name\": \"CategoricalDistribution\", \"attributes\": {\"choices\": [\"gini\", \"entropy\"]}}"}
{"op_code":6,"worker_id":"969ec035-9d98-4baf-8b8f-aeb5647905cb-137364152075968","trial_id":86,"state":1,"values":[0.5396701292534626],"datetime_complete":"2026-03-21T10:09:22.494556"}
{"op_code":4,"worker_id":"969ec035-9d98-4baf-8b8f-aeb5647905cb-137364152075968","study_id":7,"datetime_start":"2026-03-21T10:09:22.501865"}
{"op_code":5,"worker_id":"969ec035-9d98-4baf-8b8f-aeb5647905cb-137364152075968","trial_id":89,"param_name":"classifier","param_value_internal":1,"distribution":"{\"name\": \"CategoricalDistribution\", \"attributes\": {\"choices\": [\"LogisticRegression\", \"RandomForestClassifier\", \"SVC\"]}}"}
{"op_code":5,"worker_id":"969ec035-9d98-4baf-8b8f-aeb5647905cb-137364152075968","trial_id":89,"param_name":"rf_estimators","param_value_internal":150.0,"distribution":"{\"name\": \"IntDistribution\", \"attributes\": {\"log\": false, \"step\": 100, \"low\": 50, \"high\": 150}}"}
{"op_code":5,"worker_id":"969ec035-9d98-4baf-8b8f-aeb5647905cb-137364152075968","trial_id":89,"param_name":"rf_max_features","param_value_internal":0,"distribution":"{\"name\": \"CategoricalDistribution\", \"attributes\": {\"choices\": [\"sqrt\", \"log2\"]}}"}
{"op_code":5,"worker_id":"969ec035-9d98-4baf-8b8f-aeb5647905cb-137364152075968","trial_id":89,"param_name":"rf_max_depth","param_value_internal":10.0,"distribution":"{\"name\": \"IntDistribution\", \"attributes\": {\"log\": false, \"step\": 10, \"low\": 10, \"high\": 50}}"}
{"op_code":5,"worker_id":"969ec035-9d98-4baf-8b8f-aeb5647905cb-137364152075968","trial_id":89,"param_name":"rf_min_samples_split","param_value_internal":8.0,"distribution":"{\"name\": \"IntDistribution\", \"attributes\": {\"log\": false, \"step\": 1, \"low\": 2, \"high\": 10}}"}
{"op_code":5,"worker_id":"969ec035-9d98-4baf-8b8f-aeb5647905cb-137364152075968","trial_id":89,"param_name":"rf_min_samples_leaf","param_value_internal":3.0,"distribution":"{\"name\": \"IntDistribution\", \"attributes\": {\"log\": false, \"step\": 1, \"low\": 1, \"high\": 4}}"}
{"op_code":5,"worker_id":"969ec035-9d98-4baf-8b8f-aeb5647905cb-137364152075968","trial_id":89,"param_name":"rf_criterion","param_value_internal":1,"distribution":"{\"name\": \"CategoricalDistribution\", \"attributes\": {\"choices\": [\"gini\", \"entropy\"]}}"}
{"op_code":6,"worker_id":"969ec035-9d98-4baf-8b8f-aeb5647905cb-137364143683264","trial_id":87,"state":1,"values":[0.5302143843810511],"datetime_complete":"2026-03-21T10:09:31.400440"}
{"op_code":4,"worker_id":"969ec035-9d98-4baf-8b8f-aeb5647905cb-137364143683264","study_id":7,"datetime_start":"2026-03-21T10:09:31.409287"}
{"op_code":5,"worker_id":"969ec035-9d98-4baf-8b8f-aeb5647905cb-137364143683264","trial_id":90,"param_name":"classifier","param_value_internal":2,"distribution":"{\"name\": \"CategoricalDistribution\", \"attributes\": {\"choices\": [\"LogisticRegression\", \"RandomForestClassifier\", \"SVC\"]}}"}
{"op_code":5,"worker_id":"969ec035-9d98-4baf-8b8f-aeb5647905cb-137364143683264","trial_id":90,"param_name":"svc_c","param_value_internal":2.3878120030075864,"distribution":"{\"name\": \"FloatDistribution\", \"attributes\": {\"step\": null, \"low\": 0.01, \"high\": 100.0, \"log\": true}}"}
{"op_code":5,"worker_id":"969ec035-9d98-4baf-8b8f-aeb5647905cb-137364143683264","trial_id":90,"param_name":"svc_kernel","param_value_internal":0,"distribution":"{\"name\": \"CategoricalDistribution\", \"attributes\": {\"choices\": [\"linear\", \"rbf\", \"poly\", \"sigmoid\"]}}"}
{"op_code":5,"worker_id":"969ec035-9d98-4baf-8b8f-aeb5647905cb-137364143683264","trial_id":90,"param_name":"svc_gamma","param_value_internal":1,"distribution":"{\"name\": \"CategoricalDistribution\", \"attributes\": {\"choices\": [\"scale\", \"auto\"]}}"}
{"op_code":6,"worker_id":"969ec035-9d98-4baf-8b8f-aeb5647905cb-137364152075968","trial_id":89,"state":1,"values":[0.5202763286096619],"datetime_complete":"2026-03-21T10:09:34.893531"}
{"op_code":0,"worker_id":"567ef105-8f9a-4419-a863-ffc031eb50b6-134242251097600","study_name":"no-name-c137e264-b5d0-4eb9-b25b-340117d21b0e","directions":[2]}
{"op_code":4,"worker_id":"567ef105-8f9a-4419-a863-ffc031eb50b6-134234583221952","study_id":8,"datetime_start":"2026-03-21T10:11:25.972720"}
{"op_code":5,"worker_id":"567ef105-8f9a-4419-a863-ffc031eb50b6-134234583221952","trial_id":91,"param_name":"classifier","param_value_internal":1,"distribution":"{\"name\": \"CategoricalDistribution\", \"attributes\": {\"choices\": [\"LogisticRegression\", \"RandomForestClassifier\", \"SVC\"]}}"}
{"op_code":5,"worker_id":"567ef105-8f9a-4419-a863-ffc031eb50b6-134234583221952","trial_id":91,"param_name":"rf_estimators","param_value_internal":100.0,"distribution":"{\"name\": \"IntDistribution\", \"attributes\": {\"log\": false, \"step\": 50, \"low\": 50, \"high\": 200}}"}
{"op_code":5,"worker_id":"567ef105-8f9a-4419-a863-ffc031eb50b6-134234583221952","trial_id":91,"param_name":"rf_max_features","param_value_internal":0,"distribution":"{\"name\": \"CategoricalDistribution\", \"attributes\": {\"choices\": [\"sqrt\", \"log2\"]}}"}
{"op_code":5,"worker_id":"567ef105-8f9a-4419-a863-ffc031eb50b6-134234583221952","trial_id":91,"param_name":"rf_max_depth","param_value_internal":30.0,"distribution":"{\"name\": \"IntDistribution\", \"attributes\": {\"log\": false, \"step\": 10, \"low\": 10, \"high\": 50}}"}
{"op_code":5,"worker_id":"567ef105-8f9a-4419-a863-ffc031eb50b6-134234583221952","trial_id":91,"param_name":"rf_min_samples_split","param_value_internal":8.0,"distribution":"{\"name\": \"IntDistribution\", \"attributes\": {\"log\": false, \"step\": 1, \"low\": 2, \"high\": 10}}"}
{"op_code":5,"worker_id":"567ef105-8f9a-4419-a863-ffc031eb50b6-134234583221952","trial_id":91,"param_name":"rf_min_samples_leaf","param_value_internal":2.0,"distribution":"{\"name\": \"IntDistribution\", \"attributes\": {\"log\": false, \"step\": 1, \"low\": 1, \"high\": 4}}"}
{"op_code":4,"worker_id":"567ef105-8f9a-4419-a863-ffc031eb50b6-134234463266496","study_id":8,"datetime_start":"2026-03-21T10:11:25.980623"}
{"op_code":5,"worker_id":"567ef105-8f9a-4419-a863-ffc031eb50b6-134234583221952","trial_id":91,"param_name":"rf_criterion","param_value_internal":0,"distribution":"{\"name\": \"CategoricalDistribution\", \"attributes\": {\"choices\": [\"gini\", \"entropy\"]}}"}
{"op_code":4,"worker_id":"567ef105-8f9a-4419-a863-ffc031eb50b6-134234471659200","study_id":8,"datetime_start":"2026-03-21T10:11:25.980683"}
{"op_code":5,"worker_id":"567ef105-8f9a-4419-a863-ffc031eb50b6-134234463266496","trial_id":92,"param_name":"classifier","param_value_internal":1,"distribution":"{\"name\": \"CategoricalDistribution\", \"attributes\": {\"choices\": [\"LogisticRegression\", \"RandomForestClassifier\", \"SVC\"]}}"}
{"op_code":5,"worker_id":"567ef105-8f9a-4419-a863-ffc031eb50b6-134234463266496","trial_id":92,"param_name":"rf_estimators","param_value_internal":100.0,"distribution":"{\"name\": \"IntDistribution\", \"attributes\": {\"log\": false, \"step\": 50, \"low\": 50, \"high\": 200}}"}
{"op_code":5,"worker_id":"567ef105-8f9a-4419-a863-ffc031eb50b6-134234463266496","trial_id":92,"param_name":"rf_max_features","param_value_internal":0,"distribution":"{\"name\": \"CategoricalDistribution\", \"attributes\": {\"choices\": [\"sqrt\", \"log2\"]}}"}
{"op_code":5,"worker_id":"567ef105-8f9a-4419-a863-ffc031eb50b6-134234463266496","trial_id":92,"param_name":"rf_max_depth","param_value_internal":20.0,"distribution":"{\"name\": \"IntDistribution\", \"attributes\": {\"log\": false, \"step\": 10, \"low\": 10, \"high\": 50}}"}
{"op_code":5,"worker_id":"567ef105-8f9a-4419-a863-ffc031eb50b6-134234463266496","trial_id":92,"param_name":"rf_min_samples_split","param_value_internal":6.0,"distribution":"{\"name\": \"IntDistribution\", \"attributes\": {\"log\": false, \"step\": 1, \"low\": 2, \"high\": 10}}"}
{"op_code":5,"worker_id":"567ef105-8f9a-4419-a863-ffc031eb50b6-134234471659200","trial_id":93,"param_name":"classifier","param_value_internal":2,"distribution":"{\"name\": \"CategoricalDistribution\", \"attributes\": {\"choices\": [\"LogisticRegression\", \"RandomForestClassifier\", \"SVC\"]}}"}
{"op_code":5,"worker_id":"567ef105-8f9a-4419-a863-ffc031eb50b6-134234471659200","trial_id":93,"param_name":"svc_c","param_value_internal":5.667856481183473,"distribution":"{\"name\": \"FloatDistribution\", \"attributes\": {\"step\": null, \"low\": 0.01, \"high\": 100.0, \"log\": true}}"}
{"op_code":5,"worker_id":"567ef105-8f9a-4419-a863-ffc031eb50b6-134234463266496","trial_id":92,"param_name":"rf_min_samples_leaf","param_value_internal":2.0,"distribution":"{\"name\": \"IntDistribution\", \"attributes\": {\"log\": false, \"step\": 1, \"low\": 1, \"high\": 4}}"}
{"op_code":5,"worker_id":"567ef105-8f9a-4419-a863-ffc031eb50b6-134234463266496","trial_id":92,"param_name":"rf_criterion","param_value_internal":0,"distribution":"{\"name\": \"CategoricalDistribution\", \"attributes\": {\"choices\": [\"gini\", \"entropy\"]}}"}
{"op_code":5,"worker_id":"567ef105-8f9a-4419-a863-ffc031eb50b6-134234471659200","trial_id":93,"param_name":"svc_kernel","param_value_internal":2,"distribution":"{\"name\": \"CategoricalDistribution\", \"attributes\": {\"choices\": [\"linear\", \"rbf\", \"poly\", \"sigmoid\"]}}"}
{"op_code":5,"worker_id":"567ef105-8f9a-4419-a863-ffc031eb50b6-134234471659200","trial_id":93,"param_name":"svc_gamma","param_value_internal":1,"distribution":"{\"name\": \"CategoricalDistribution\", \"attributes\": {\"choices\": [\"scale\", \"auto\"]}}"}
{"op_code":6,"worker_id":"567ef105-8f9a-4419-a863-ffc031eb50b6-134234583221952","trial_id":91,"state":1,"values":[0.5398313106646441],"datetime_complete":"2026-03-21T10:11:30.071020"}
{"op_code":4,"worker_id":"567ef105-8f9a-4419-a863-ffc031eb50b6-134234583221952","study_id":8,"datetime_start":"2026-03-21T10:11:30.078368"}
{"op_code":5,"worker_id":"567ef105-8f9a-4419-a863-ffc031eb50b6-134234583221952","trial_id":94,"param_name":"classifier","param_value_internal":2,"distribution":"{\"name\": \"CategoricalDistribution\", \"attributes\": {\"choices\": [\"LogisticRegression\", \"RandomForestClassifier\", \"SVC\"]}}"}
{"op_code":5,"worker_id":"567ef105-8f9a-4419-a863-ffc031eb50b6-134234583221952","trial_id":94,"param_name":"svc_c","param_value_internal":0.04948298071850921,"distribution":"{\"name\": \"FloatDistribution\", \"attributes\": {\"step\": null, \"low\": 0.01, \"high\": 100.0, \"log\": true}}"}
{"op_code":5,"worker_id":"567ef105-8f9a-4419-a863-ffc031eb50b6-134234583221952","trial_id":94,"param_name":"svc_kernel","param_value_internal":1,"distribution":"{\"name\": \"CategoricalDistribution\", \"attributes\": {\"choices\": [\"linear\", \"rbf\", \"poly\", \"sigmoid\"]}}"}
{"op_code":5,"worker_id":"567ef105-8f9a-4419-a863-ffc031eb50b6-134234583221952","trial_id":94,"param_name":"svc_gamma","param_value_internal":0,"distribution":"{\"name\": \"CategoricalDistribution\", \"attributes\": {\"choices\": [\"scale\", \"auto\"]}}"}
{"op_code":6,"worker_id":"567ef105-8f9a-4419-a863-ffc031eb50b6-134234463266496","trial_id":92,"state":1,"values":[0.5423954132287466],"datetime_complete":"2026-03-21T10:11:30.250020"}
{"op_code":4,"worker_id":"567ef105-8f9a-4419-a863-ffc031eb50b6-134234463266496","study_id":8,"datetime_start":"2026-03-21T10:11:30.256158"}
{"op_code":5,"worker_id":"567ef105-8f9a-4419-a863-ffc031eb50b6-134234463266496","trial_id":95,"param_name":"classifier","param_value_internal":1,"distribution":"{\"name\": \"CategoricalDistribution\", \"attributes\": {\"choices\": [\"LogisticRegression\", \"RandomForestClassifier\", \"SVC\"]}}"}
{"op_code":5,"worker_id":"567ef105-8f9a-4419-a863-ffc031eb50b6-134234463266496","trial_id":95,"param_name":"rf_estimators","param_value_internal":200.0,"distribution":"{\"name\": \"IntDistribution\", \"attributes\": {\"log\": false, \"step\": 50, \"low\": 50, \"high\": 200}}"}
{"op_code":5,"worker_id":"567ef105-8f9a-4419-a863-ffc031eb50b6-134234463266496","trial_id":95,"param_name":"rf_max_features","param_value_internal":1,"distribution":"{\"name\": \"CategoricalDistribution\", \"attributes\": {\"choices\": [\"sqrt\", \"log2\"]}}"}
{"op_code":5,"worker_id":"567ef105-8f9a-4419-a863-ffc031eb50b6-134234463266496","trial_id":95,"param_name":"rf_max_depth","param_value_internal":40.0,"distribution":"{\"name\": \"IntDistribution\", \"attributes\": {\"log\": false, \"step\": 10, \"low\": 10, \"high\": 50}}"}
{"op_code":5,"worker_id":"567ef105-8f9a-4419-a863-ffc031eb50b6-134234463266496","trial_id":95,"param_name":"rf_min_samples_split","param_value_internal":3.0,"distribution":"{\"name\": \"IntDistribution\", \"attributes\": {\"log\": false, \"step\": 1, \"low\": 2, \"high\": 10}}"}
{"op_code":5,"worker_id":"567ef105-8f9a-4419-a863-ffc031eb50b6-134234463266496","trial_id":95,"param_name":"rf_min_samples_leaf","param_value_internal":3.0,"distribution":"{\"name\": \"IntDistribution\", \"attributes\": {\"log\": false, \"step\": 1, \"low\": 1, \"high\": 4}}"}
{"op_code":5,"worker_id":"567ef105-8f9a-4419-a863-ffc031eb50b6-134234463266496","trial_id":95,"param_name":"rf_criterion","param_value_internal":1,"distribution":"{\"name\": \"CategoricalDistribution\", \"attributes\": {\"choices\": [\"gini\", \"entropy\"]}}"}
{"op_code":6,"worker_id":"567ef105-8f9a-4419-a863-ffc031eb50b6-134234583221952","trial_id":94,"state":1,"values":[0.11668539793539794],"datetime_complete":"2026-03-21T10:11:35.774269"}
{"op_code":4,"worker_id":"567ef105-8f9a-4419-a863-ffc031eb50b6-134234583221952","study_id":8,"datetime_start":"2026-03-21T10:11:35.781887"}
{"op_code":5,"worker_id":"567ef105-8f9a-4419-a863-ffc031eb50b6-134234583221952","trial_id":96,"param_name":"classifier","param_value_internal":0,"distribution":"{\"name\": \"CategoricalDistribution\", \"attributes\": {\"choices\": [\"LogisticRegression\", \"RandomForestClassifier\", \"SVC\"]}}"}
{"op_code":5,"worker_id":"567ef105-8f9a-4419-a863-ffc031eb50b6-134234583221952","trial_id":96,"param_name":"lr_c","param_value_internal":0.5832974353444451,"distribution":"{\"name\": \"FloatDistribution\", \"attributes\": {\"step\": null, \"low\": 0.0001, \"high\": 10000.0, \"log\": true}}"}
{"op_code":5,"worker_id":"567ef105-8f9a-4419-a863-ffc031eb50b6-134234583221952","trial_id":96,"param_name":"lr_solver","param_value_internal":1,"distribution":"{\"name\": \"CategoricalDistribution\", \"attributes\": {\"choices\": [\"lbfgs\", \"saga\"]}}"}
{"op_code":5,"worker_id":"567ef105-8f9a-4419-a863-ffc031eb50b6-134234583221952","trial_id":96,"param_name":"lr_penalty","param_value_internal":0,"distribution":"{\"name\": \"CategoricalDistribution\", \"attributes\": {\"choices\": [\"l1\", \"l2\"]}}"}
{"op_code":5,"worker_id":"567ef105-8f9a-4419-a863-ffc031eb50b6-134234583221952","trial_id":96,"param_name":"lr_max_iter","param_value_internal":600.0,"distribution":"{\"name\": \"IntDistribution\", \"attributes\": {\"log\": false, \"step\": 100, \"low\": 100, \"high\": 1000}}"}
{"op_code":6,"worker_id":"567ef105-8f9a-4419-a863-ffc031eb50b6-134234463266496","trial_id":95,"state":1,"values":[0.5390286411119745],"datetime_complete":"2026-03-21T10:11:44.875076"}
{"op_code":4,"worker_id":"567ef105-8f9a-4419-a863-ffc031eb50b6-134234463266496","study_id":8,"datetime_start":"2026-03-21T10:11:44.881374"}
{"op_code":5,"worker_id":"567ef105-8f9a-4419-a863-ffc031eb50b6-134234463266496","trial_id":97,"param_name":"classifier","param_value_internal":2,"distribution":"{\"name\": \"CategoricalDistribution\", \"attributes\": {\"choices\": [\"LogisticRegression\", \"RandomForestClassifier\", \"SVC\"]}}"}
{"op_code":5,"worker_id":"567ef105-8f9a-4419-a863-ffc031eb50b6-134234463266496","trial_id":97,"param_name":"svc_c","param_value_internal":2.9199133177310497,"distribution":"{\"name\": \"FloatDistribution\", \"attributes\": {\"step\": null, \"low\": 0.01, \"high\": 100.0, \"log\": true}}"}
{"op_code":5,"worker_id":"567ef105-8f9a-4419-a863-ffc031eb50b6-134234463266496","trial_id":97,"param_name":"svc_kernel","param_value_internal":3,"distribution":"{\"name\": \"CategoricalDistribution\", \"attributes\": {\"choices\": [\"linear\", \"rbf\", \"poly\", \"sigmoid\"]}}"}
{"op_code":5,"worker_id":"567ef105-8f9a-4419-a863-ffc031eb50b6-134234463266496","trial_id":97,"param_name":"svc_gamma","param_value_internal":0,"distribution":"{\"name\": \"CategoricalDistribution\", \"attributes\": {\"choices\": [\"scale\", \"auto\"]}}"}
{"op_code":6,"worker_id":"567ef105-8f9a-4419-a863-ffc031eb50b6-134234463266496","trial_id":97,"state":1,"values":[0.07004392212725546],"datetime_complete":"2026-03-21T10:11:50.761357"}
{"op_code":4,"worker_id":"567ef105-8f9a-4419-a863-ffc031eb50b6-134234463266496","study_id":8,"datetime_start":"2026-03-21T10:11:50.768000"}
{"op_code":5,"worker_id":"567ef105-8f9a-4419-a863-ffc031eb50b6-134234463266496","trial_id":98,"param_name":"classifier","param_value_internal":1,"distribution":"{\"name\": \"CategoricalDistribution\", \"attributes\": {\"choices\": [\"LogisticRegression\", \"RandomForestClassifier\", \"SVC\"]}}"}
{"op_code":5,"worker_id":"567ef105-8f9a-4419-a863-ffc031eb50b6-134234463266496","trial_id":98,"param_name":"rf_estimators","param_value_internal":150.0,"distribution":"{\"name\": \"IntDistribution\", \"attributes\": {\"log\": false, \"step\": 50, \"low\": 50, \"high\": 200}}"}
{"op_code":5,"worker_id":"567ef105-8f9a-4419-a863-ffc031eb50b6-134234463266496","trial_id":98,"param_name":"rf_max_features","param_value_internal":0,"distribution":"{\"name\": \"CategoricalDistribution\", \"attributes\": {\"choices\": [\"sqrt\", \"log2\"]}}"}
{"op_code":5,"worker_id":"567ef105-8f9a-4419-a863-ffc031eb50b6-134234463266496","trial_id":98,"param_name":"rf_max_depth","param_value_internal":50.0,"distribution":"{\"name\": \"IntDistribution\", \"attributes\": {\"log\": false, \"step\": 10, \"low\": 10, \"high\": 50}}"}
{"op_code":5,"worker_id":"567ef105-8f9a-4419-a863-ffc031eb50b6-134234463266496","trial_id":98,"param_name":"rf_min_samples_split","param_value_internal":10.0,"distribution":"{\"name\": \"IntDistribution\", \"attributes\": {\"log\": false, \"step\": 1, \"low\": 2, \"high\": 10}}"}
{"op_code":5,"worker_id":"567ef105-8f9a-4419-a863-ffc031eb50b6-134234463266496","trial_id":98,"param_name":"rf_min_samples_leaf","param_value_internal":1.0,"distribution":"{\"name\": \"IntDistribution\", \"attributes\": {\"log\": false, \"step\": 1, \"low\": 1, \"high\": 4}}"}
{"op_code":5,"worker_id":"567ef105-8f9a-4419-a863-ffc031eb50b6-134234463266496","trial_id":98,"param_name":"rf_criterion","param_value_internal":0,"distribution":"{\"name\": \"CategoricalDistribution\", \"attributes\": {\"choices\": [\"gini\", \"entropy\"]}}"}
{"op_code":6,"worker_id":"567ef105-8f9a-4419-a863-ffc031eb50b6-134234463266496","trial_id":98,"state":1,"values":[0.5449591303757971],"datetime_complete":"2026-03-21T10:11:56.613745"}
{"op_code":4,"worker_id":"567ef105-8f9a-4419-a863-ffc031eb50b6-134234463266496","study_id":8,"datetime_start":"2026-03-21T10:11:56.620467"}
{"op_code":5,"worker_id":"567ef105-8f9a-4419-a863-ffc031eb50b6-134234463266496","trial_id":99,"param_name":"classifier","param_value_internal":2,"distribution":"{\"name\": \"CategoricalDistribution\", \"attributes\": {\"choices\": [\"LogisticRegression\", \"RandomForestClassifier\", \"SVC\"]}}"}
{"op_code":5,"worker_id":"567ef105-8f9a-4419-a863-ffc031eb50b6-134234463266496","trial_id":99,"param_name":"svc_c","param_value_internal":91.37480563932928,"distribution":"{\"name\": \"FloatDistribution\", \"attributes\": {\"step\": null, \"low\": 0.01, \"high\": 100.0, \"log\": true}}"}
{"op_code":5,"worker_id":"567ef105-8f9a-4419-a863-ffc031eb50b6-134234463266496","trial_id":99,"param_name":"svc_kernel","param_value_internal":3,"distribution":"{\"name\": \"CategoricalDistribution\", \"attributes\": {\"choices\": [\"linear\", \"rbf\", \"poly\", \"sigmoid\"]}}"}
{"op_code":5,"worker_id":"567ef105-8f9a-4419-a863-ffc031eb50b6-134234463266496","trial_id":99,"param_name":"svc_gamma","param_value_internal":1,"distribution":"{\"name\": \"CategoricalDistribution\", \"attributes\": {\"choices\": [\"scale\", \"auto\"]}}"}
{"op_code":6,"worker_id":"567ef105-8f9a-4419-a863-ffc031eb50b6-134234463266496","trial_id":99,"state":1,"values":[0.11668539793539794],"datetime_complete":"2026-03-21T10:12:00.485574"}
{"op_code":4,"worker_id":"567ef105-8f9a-4419-a863-ffc031eb50b6-134234463266496","study_id":8,"datetime_start":"2026-03-21T10:12:00.493490"}
{"op_code":5,"worker_id":"567ef105-8f9a-4419-a863-ffc031eb50b6-134234463266496","trial_id":100,"param_name":"classifier","param_value_internal":2,"distribution":"{\"name\": \"CategoricalDistribution\", \"attributes\": {\"choices\": [\"LogisticRegression\", \"RandomForestClassifier\", \"SVC\"]}}"}
{"op_code":5,"worker_id":"567ef105-8f9a-4419-a863-ffc031eb50b6-134234463266496","trial_id":100,"param_name":"svc_c","param_value_internal":0.2374720622945073,"distribution":"{\"name\": \"FloatDistribution\", \"attributes\": {\"step\": null, \"low\": 0.01, \"high\": 100.0, \"log\": true}}"}
{"op_code":5,"worker_id":"567ef105-8f9a-4419-a863-ffc031eb50b6-134234463266496","trial_id":100,"param_name":"svc_kernel","param_value_internal":3,"distribution":"{\"name\": \"CategoricalDistribution\", \"attributes\": {\"choices\": [\"linear\", \"rbf\", \"poly\", \"sigmoid\"]}}"}
{"op_code":5,"worker_id":"567ef105-8f9a-4419-a863-ffc031eb50b6-134234463266496","trial_id":100,"param_name":"svc_gamma","param_value_internal":0,"distribution":"{\"name\": \"CategoricalDistribution\", \"attributes\": {\"choices\": [\"scale\", \"auto\"]}}"}
{"op_code":6,"worker_id":"567ef105-8f9a-4419-a863-ffc031eb50b6-134234583221952","trial_id":96,"state":1,"values":[0.11748637165303832],"datetime_complete":"2026-03-21T10:12:05.623413"}
{"op_code":4,"worker_id":"567ef105-8f9a-4419-a863-ffc031eb50b6-134234583221952","study_id":8,"datetime_start":"2026-03-21T10:12:05.628469"}
{"op_code":5,"worker_id":"567ef105-8f9a-4419-a863-ffc031eb50b6-134234583221952","trial_id":101,"param_name":"classifier","param_value_internal":0,"distribution":"{\"name\": \"CategoricalDistribution\", \"attributes\": {\"choices\": [\"LogisticRegression\", \"RandomForestClassifier\", \"SVC\"]}}"}
{"op_code":5,"worker_id":"567ef105-8f9a-4419-a863-ffc031eb50b6-134234583221952","trial_id":101,"param_name":"lr_c","param_value_internal":0.009016916882772648,"distribution":"{\"name\": \"FloatDistribution\", \"attributes\": {\"step\": null, \"low\": 0.0001, \"high\": 10000.0, \"log\": true}}"}
{"op_code":5,"worker_id":"567ef105-8f9a-4419-a863-ffc031eb50b6-134234583221952","trial_id":101,"param_name":"lr_solver","param_value_internal":0,"distribution":"{\"name\": \"CategoricalDistribution\", \"attributes\": {\"choices\": [\"lbfgs\", \"saga\"]}}"}
{"op_code":5,"worker_id":"567ef105-8f9a-4419-a863-ffc031eb50b6-134234583221952","trial_id":101,"param_name":"lr_penalty","param_value_internal":1,"distribution":"{\"name\": \"CategoricalDistribution\", \"attributes\": {\"choices\": [\"l1\", \"l2\"]}}"}
{"op_code":5,"worker_id":"567ef105-8f9a-4419-a863-ffc031eb50b6-134234583221952","trial_id":101,"param_name":"lr_max_iter","param_value_internal":200.0,"distribution":"{\"name\": \"IntDistribution\", \"attributes\": {\"log\": false, \"step\": 100, \"low\": 100, \"high\": 1000}}"}
{"op_code":6,"worker_id":"567ef105-8f9a-4419-a863-ffc031eb50b6-134234463266496","trial_id":100,"state":1,"values":[0.08623413623413623],"datetime_complete":"2026-03-21T10:12:10.545653"}
{"op_code":4,"worker_id":"567ef105-8f9a-4419-a863-ffc031eb50b6-134234463266496","study_id":8,"datetime_start":"2026-03-21T10:12:10.567277"}
{"op_code":5,"worker_id":"567ef105-8f9a-4419-a863-ffc031eb50b6-134234463266496","trial_id":102,"param_name":"classifier","param_value_internal":0,"distribution":"{\"name\": \"CategoricalDistribution\", \"attributes\": {\"choices\": [\"LogisticRegression\", \"RandomForestClassifier\", \"SVC\"]}}"}
{"op_code":5,"worker_id":"567ef105-8f9a-4419-a863-ffc031eb50b6-134234463266496","trial_id":102,"param_name":"lr_c","param_value_internal":8.432905886226095,"distribution":"{\"name\": \"FloatDistribution\", \"attributes\": {\"step\": null, \"low\": 0.0001, \"high\": 10000.0, \"log\": true}}"}
{"op_code":5,"worker_id":"567ef105-8f9a-4419-a863-ffc031eb50b6-134234463266496","trial_id":102,"param_name":"lr_solver","param_value_internal":0,"distribution":"{\"name\": \"CategoricalDistribution\", \"attributes\": {\"choices\": [\"lbfgs\", \"saga\"]}}"}
{"op_code":5,"worker_id":"567ef105-8f9a-4419-a863-ffc031eb50b6-134234463266496","trial_id":102,"param_name":"lr_penalty","param_value_internal":1,"distribution":"{\"name\": \"CategoricalDistribution\", \"attributes\": {\"choices\": [\"l1\", \"l2\"]}}"}
{"op_code":5,"worker_id":"567ef105-8f9a-4419-a863-ffc031eb50b6-134234463266496","trial_id":102,"param_name":"lr_max_iter","param_value_internal":600.0,"distribution":"{\"name\": \"IntDistribution\", \"attributes\": {\"log\": false, \"step\": 100, \"low\": 100, \"high\": 1000}}"}
{"op_code":6,"worker_id":"567ef105-8f9a-4419-a863-ffc031eb50b6-134234583221952","trial_id":101,"state":1,"values":[0.1456964331964332],"datetime_complete":"2026-03-21T10:12:22.751383"}
{"op_code":4,"worker_id":"567ef105-8f9a-4419-a863-ffc031eb50b6-134234583221952","study_id":8,"datetime_start":"2026-03-21T10:12:22.760273"}
{"op_code":5,"worker_id":"567ef105-8f9a-4419-a863-ffc031eb50b6-134234583221952","trial_id":103,"param_name":"classifier","param_value_internal":1,"distribution":"{\"name\": \"CategoricalDistribution\", \"attributes\": {\"choices\": [\"LogisticRegression\", \"RandomForestClassifier\", \"SVC\"]}}"}
{"op_code":5,"worker_id":"567ef105-8f9a-4419-a863-ffc031eb50b6-134234583221952","trial_id":103,"param_name":"rf_estimators","param_value_internal":200.0,"distribution":"{\"name\": \"IntDistribution\", \"attributes\": {\"log\": false, \"step\": 50, \"low\": 50, \"high\": 200}}"}
{"op_code":5,"worker_id":"567ef105-8f9a-4419-a863-ffc031eb50b6-134234583221952","trial_id":103,"param_name":"rf_max_features","param_value_internal":0,"distribution":"{\"name\": \"CategoricalDistribution\", \"attributes\": {\"choices\": [\"sqrt\", \"log2\"]}}"}
{"op_code":5,"worker_id":"567ef105-8f9a-4419-a863-ffc031eb50b6-134234583221952","trial_id":103,"param_name":"rf_max_depth","param_value_internal":50.0,"distribution":"{\"name\": \"IntDistribution\", \"attributes\": {\"log\": false, \"step\": 10, \"low\": 10, \"high\": 50}}"}
{"op_code":5,"worker_id":"567ef105-8f9a-4419-a863-ffc031eb50b6-134234583221952","trial_id":103,"param_name":"rf_min_samples_split","param_value_internal":10.0,"distribution":"{\"name\": \"IntDistribution\", \"attributes\": {\"log\": false, \"step\": 1, \"low\": 2, \"high\": 10}}"}
{"op_code":5,"worker_id":"567ef105-8f9a-4419-a863-ffc031eb50b6-134234583221952","trial_id":103,"param_name":"rf_min_samples_leaf","param_value_internal":1.0,"distribution":"{\"name\": \"IntDistribution\", \"attributes\": {\"log\": false, \"step\": 1, \"low\": 1, \"high\": 4}}"}
{"op_code":5,"worker_id":"567ef105-8f9a-4419-a863-ffc031eb50b6-134234583221952","trial_id":103,"param_name":"rf_criterion","param_value_internal":0,"distribution":"{\"name\": \"CategoricalDistribution\", \"attributes\": {\"choices\": [\"gini\", \"entropy\"]}}"}
{"op_code":6,"worker_id":"567ef105-8f9a-4419-a863-ffc031eb50b6-134234583221952","trial_id":103,"state":1,"values":[0.5414328726828727],"datetime_complete":"2026-03-21T10:12:48.333380"}
{"op_code":4,"worker_id":"567ef105-8f9a-4419-a863-ffc031eb50b6-134234583221952","study_id":8,"datetime_start":"2026-03-21T10:12:48.345301"}
{"op_code":5,"worker_id":"567ef105-8f9a-4419-a863-ffc031eb50b6-134234583221952","trial_id":104,"param_name":"classifier","param_value_internal":1,"distribution":"{\"name\": \"CategoricalDistribution\", \"attributes\": {\"choices\": [\"LogisticRegression\", \"RandomForestClassifier\", \"SVC\"]}}"}
{"op_code":5,"worker_id":"567ef105-8f9a-4419-a863-ffc031eb50b6-134234583221952","trial_id":104,"param_name":"rf_estimators","param_value_internal":50.0,"distribution":"{\"name\": \"IntDistribution\", \"attributes\": {\"log\": false, \"step\": 50, \"low\": 50, \"high\": 200}}"}
{"op_code":5,"worker_id":"567ef105-8f9a-4419-a863-ffc031eb50b6-134234583221952","trial_id":104,"param_name":"rf_max_features","param_value_internal":0,"distribution":"{\"name\": \"CategoricalDistribution\", \"attributes\": {\"choices\": [\"sqrt\", \"log2\"]}}"}
{"op_code":5,"worker_id":"567ef105-8f9a-4419-a863-ffc031eb50b6-134234583221952","trial_id":104,"param_name":"rf_max_depth","param_value_internal":10.0,"distribution":"{\"name\": \"IntDistribution\", \"attributes\": {\"log\": false, \"step\": 10, \"low\": 10, \"high\": 50}}"}
{"op_code":5,"worker_id":"567ef105-8f9a-4419-a863-ffc031eb50b6-134234583221952","trial_id":104,"param_name":"rf_min_samples_split","param_value_internal":5.0,"distribution":"{\"name\": \"IntDistribution\", \"attributes\": {\"log\": false, \"step\": 1, \"low\": 2, \"high\": 10}}"}
{"op_code":5,"worker_id":"567ef105-8f9a-4419-a863-ffc031eb50b6-134234583221952","trial_id":104,"param_name":"rf_min_samples_leaf","param_value_internal":1.0,"distribution":"{\"name\": \"IntDistribution\", \"attributes\": {\"log\": false, \"step\": 1, \"low\": 1, \"high\": 4}}"}
{"op_code":5,"worker_id":"567ef105-8f9a-4419-a863-ffc031eb50b6-134234583221952","trial_id":104,"param_name":"rf_criterion","param_value_internal":0,"distribution":"{\"name\": \"CategoricalDistribution\", \"attributes\": {\"choices\": [\"gini\", \"entropy\"]}}"}
{"op_code":6,"worker_id":"567ef105-8f9a-4419-a863-ffc031eb50b6-134234583221952","trial_id":104,"state":1,"values":[0.5143459164292498],"datetime_complete":"2026-03-21T10:12:53.309964"}
{"op_code":4,"worker_id":"567ef105-8f9a-4419-a863-ffc031eb50b6-134234583221952","study_id":8,"datetime_start":"2026-03-21T10:12:53.330477"}
{"op_code":5,"worker_id":"567ef105-8f9a-4419-a863-ffc031eb50b6-134234583221952","trial_id":105,"param_name":"classifier","param_value_internal":1,"distribution":"{\"name\": \"CategoricalDistribution\", \"attributes\": {\"choices\": [\"LogisticRegression\", \"RandomForestClassifier\", \"SVC\"]}}"}
{"op_code":5,"worker_id":"567ef105-8f9a-4419-a863-ffc031eb50b6-134234583221952","trial_id":105,"param_name":"rf_estimators","param_value_internal":100.0,"distribution":"{\"name\": \"IntDistribution\", \"attributes\": {\"log\": false, \"step\": 50, \"low\": 50, \"high\": 200}}"}
{"op_code":5,"worker_id":"567ef105-8f9a-4419-a863-ffc031eb50b6-134234583221952","trial_id":105,"param_name":"rf_max_features","param_value_internal":0,"distribution":"{\"name\": \"CategoricalDistribution\", \"attributes\": {\"choices\": [\"sqrt\", \"log2\"]}}"}
{"op_code":5,"worker_id":"567ef105-8f9a-4419-a863-ffc031eb50b6-134234583221952","trial_id":105,"param_name":"rf_max_depth","param_value_internal":20.0,"distribution":"{\"name\": \"IntDistribution\", \"attributes\": {\"log\": false, \"step\": 10, \"low\": 10, \"high\": 50}}"}
{"op_code":5,"worker_id":"567ef105-8f9a-4419-a863-ffc031eb50b6-134234583221952","trial_id":105,"param_name":"rf_min_samples_split","param_value_internal":6.0,"distribution":"{\"name\": \"IntDistribution\", \"attributes\": {\"log\": false, \"step\": 1, \"low\": 2, \"high\": 10}}"}
{"op_code":5,"worker_id":"567ef105-8f9a-4419-a863-ffc031eb50b6-134234583221952","trial_id":105,"param_name":"rf_min_samples_leaf","param_value_internal":2.0,"distribution":"{\"name\": \"IntDistribution\", \"attributes\": {\"log\": false, \"step\": 1, \"low\": 1, \"high\": 4}}"}
{"op_code":5,"worker_id":"567ef105-8f9a-4419-a863-ffc031eb50b6-134234583221952","trial_id":105,"param_name":"rf_criterion","param_value_internal":0,"distribution":"{\"name\": \"CategoricalDistribution\", \"attributes\": {\"choices\": [\"gini\", \"entropy\"]}}"}
{"op_code":6,"worker_id":"567ef105-8f9a-4419-a863-ffc031eb50b6-134234463266496","trial_id":102,"state":1,"values":[0.18768769810436478],"datetime_complete":"2026-03-21T10:12:53.701925"}
{"op_code":4,"worker_id":"567ef105-8f9a-4419-a863-ffc031eb50b6-134234463266496","study_id":8,"datetime_start":"2026-03-21T10:12:53.708204"}
{"op_code":5,"worker_id":"567ef105-8f9a-4419-a863-ffc031eb50b6-134234463266496","trial_id":106,"param_name":"classifier","param_value_internal":1,"distribution":"{\"name\": \"CategoricalDistribution\", \"attributes\": {\"choices\": [\"LogisticRegression\", \"RandomForestClassifier\", \"SVC\"]}}"}
{"op_code":5,"worker_id":"567ef105-8f9a-4419-a863-ffc031eb50b6-134234463266496","trial_id":106,"param_name":"rf_estimators","param_value_internal":100.0,"distribution":"{\"name\": \"IntDistribution\", \"attributes\": {\"log\": false, \"step\": 50, \"low\": 50, \"high\": 200}}"}
{"op_code":5,"worker_id":"567ef105-8f9a-4419-a863-ffc031eb50b6-134234463266496","trial_id":106,"param_name":"rf_max_features","param_value_internal":0,"distribution":"{\"name\": \"CategoricalDistribution\", \"attributes\": {\"choices\": [\"sqrt\", \"log2\"]}}"}
{"op_code":5,"worker_id":"567ef105-8f9a-4419-a863-ffc031eb50b6-134234463266496","trial_id":106,"param_name":"rf_max_depth","param_value_internal":20.0,"distribution":"{\"name\": \"IntDistribution\", \"attributes\": {\"log\": false, \"step\": 10, \"low\": 10, \"high\": 50}}"}
{"op_code":5,"worker_id":"567ef105-8f9a-4419-a863-ffc031eb50b6-134234463266496","trial_id":106,"param_name":"rf_min_samples_split","param_value_internal":6.0,"distribution":"{\"name\": \"IntDistribution\", \"attributes\": {\"log\": false, \"step\": 1, \"low\": 2, \"high\": 10}}"}
{"op_code":5,"worker_id":"567ef105-8f9a-4419-a863-ffc031eb50b6-134234463266496","trial_id":106,"param_name":"rf_min_samples_leaf","param_value_internal":2.0,"distribution":"{\"name\": \"IntDistribution\", \"attributes\": {\"log\": false, \"step\": 1, \"low\": 1, \"high\": 4}}"}
{"op_code":5,"worker_id":"567ef105-8f9a-4419-a863-ffc031eb50b6-134234463266496","trial_id":106,"param_name":"rf_criterion","param_value_internal":0,"distribution":"{\"name\": \"CategoricalDistribution\", \"attributes\": {\"choices\": [\"gini\", \"entropy\"]}}"}
{"op_code":6,"worker_id":"567ef105-8f9a-4419-a863-ffc031eb50b6-134234583221952","trial_id":105,"state":1,"values":[0.5423954132287466],"datetime_complete":"2026-03-21T10:12:57.698586"}
{"op_code":4,"worker_id":"567ef105-8f9a-4419-a863-ffc031eb50b6-134234583221952","study_id":8,"datetime_start":"2026-03-21T10:12:57.704171"}
{"op_code":5,"worker_id":"567ef105-8f9a-4419-a863-ffc031eb50b6-134234583221952","trial_id":107,"param_name":"classifier","param_value_internal":1,"distribution":"{\"name\": \"CategoricalDistribution\", \"attributes\": {\"choices\": [\"LogisticRegression\", \"RandomForestClassifier\", \"SVC\"]}}"}
{"op_code":5,"worker_id":"567ef105-8f9a-4419-a863-ffc031eb50b6-134234583221952","trial_id":107,"param_name":"rf_estimators","param_value_internal":150.0,"distribution":"{\"name\": \"IntDistribution\", \"attributes\": {\"log\": false, \"step\": 50, \"low\": 50, \"high\": 200}}"}
{"op_code":5,"worker_id":"567ef105-8f9a-4419-a863-ffc031eb50b6-134234583221952","trial_id":107,"param_name":"rf_max_features","param_value_internal":0,"distribution":"{\"name\": \"CategoricalDistribution\", \"attributes\": {\"choices\": [\"sqrt\", \"log2\"]}}"}
{"op_code":5,"worker_id":"567ef105-8f9a-4419-a863-ffc031eb50b6-134234583221952","trial_id":107,"param_name":"rf_max_depth","param_value_internal":30.0,"distribution":"{\"name\": \"IntDistribution\", \"attributes\": {\"log\": false, \"step\": 10, \"low\": 10, \"high\": 50}}"}
{"op_code":5,"worker_id":"567ef105-8f9a-4419-a863-ffc031eb50b6-134234583221952","trial_id":107,"param_name":"rf_min_samples_split","param_value_internal":10.0,"distribution":"{\"name\": \"IntDistribution\", \"attributes\": {\"log\": false, \"step\": 1, \"low\": 2, \"high\": 10}}"}
{"op_code":5,"worker_id":"567ef105-8f9a-4419-a863-ffc031eb50b6-134234583221952","trial_id":107,"param_name":"rf_min_samples_leaf","param_value_internal":4.0,"distribution":"{\"name\": \"IntDistribution\", \"attributes\": {\"log\": false, \"step\": 1, \"low\": 1, \"high\": 4}}"}
{"op_code":5,"worker_id":"567ef105-8f9a-4419-a863-ffc031eb50b6-134234583221952","trial_id":107,"param_name":"rf_criterion","param_value_internal":0,"distribution":"{\"name\": \"CategoricalDistribution\", \"attributes\": {\"choices\": [\"gini\", \"entropy\"]}}"}
{"op_code":6,"worker_id":"567ef105-8f9a-4419-a863-ffc031eb50b6-134234463266496","trial_id":106,"state":1,"values":[0.5423954132287466],"datetime_complete":"2026-03-21T10:12:57.900631"}
{"op_code":4,"worker_id":"567ef105-8f9a-4419-a863-ffc031eb50b6-134234463266496","study_id":8,"datetime_start":"2026-03-21T10:12:57.907754"}
{"op_code":5,"worker_id":"567ef105-8f9a-4419-a863-ffc031eb50b6-134234463266496","trial_id":108,"param_name":"classifier","param_value_internal":1,"distribution":"{\"name\": \"CategoricalDistribution\", \"attributes\": {\"choices\": [\"LogisticRegression\", \"RandomForestClassifier\", \"SVC\"]}}"}
{"op_code":5,"worker_id":"567ef105-8f9a-4419-a863-ffc031eb50b6-134234463266496","trial_id":108,"param_name":"rf_estimators","param_value_internal":150.0,"distribution":"{\"name\": \"IntDistribution\", \"attributes\": {\"log\": false, \"step\": 50, \"low\": 50, \"high\": 200}}"}
{"op_code":5,"worker_id":"567ef105-8f9a-4419-a863-ffc031eb50b6-134234463266496","trial_id":108,"param_name":"rf_max_features","param_value_internal":1,"distribution":"{\"name\": \"CategoricalDistribution\", \"attributes\": {\"choices\": [\"sqrt\", \"log2\"]}}"}
{"op_code":5,"worker_id":"567ef105-8f9a-4419-a863-ffc031eb50b6-134234463266496","trial_id":108,"param_name":"rf_max_depth","param_value_internal":50.0,"distribution":"{\"name\": \"IntDistribution\", \"attributes\": {\"log\": false, \"step\": 10, \"low\": 10, \"high\": 50}}"}
{"op_code":5,"worker_id":"567ef105-8f9a-4419-a863-ffc031eb50b6-134234463266496","trial_id":108,"param_name":"rf_min_samples_split","param_value_internal":10.0,"distribution":"{\"name\": \"IntDistribution\", \"attributes\": {\"log\": false, \"step\": 1, \"low\": 2, \"high\": 10}}"}
{"op_code":5,"worker_id":"567ef105-8f9a-4419-a863-ffc031eb50b6-134234463266496","trial_id":108,"param_name":"rf_min_samples_leaf","param_value_internal":1.0,"distribution":"{\"name\": \"IntDistribution\", \"attributes\": {\"log\": false, \"step\": 1, \"low\": 1, \"high\": 4}}"}
{"op_code":5,"worker_id":"567ef105-8f9a-4419-a863-ffc031eb50b6-134234463266496","trial_id":108,"param_name":"rf_criterion","param_value_internal":1,"distribution":"{\"name\": \"CategoricalDistribution\", \"attributes\": {\"choices\": [\"gini\", \"entropy\"]}}"}
{"op_code":6,"worker_id":"567ef105-8f9a-4419-a863-ffc031eb50b6-134234583221952","trial_id":107,"state":1,"values":[0.5306951536118203],"datetime_complete":"2026-03-21T10:13:03.338157"}
{"op_code":4,"worker_id":"567ef105-8f9a-4419-a863-ffc031eb50b6-134234583221952","study_id":8,"datetime_start":"2026-03-21T10:13:03.342821"}
{"op_code":5,"worker_id":"567ef105-8f9a-4419-a863-ffc031eb50b6-134234583221952","trial_id":109,"param_name":"classifier","param_value_internal":1,"distribution":"{\"name\": \"CategoricalDistribution\", \"attributes\": {\"choices\": [\"LogisticRegression\", \"RandomForestClassifier\", \"SVC\"]}}"}
{"op_code":5,"worker_id":"567ef105-8f9a-4419-a863-ffc031eb50b6-134234583221952","trial_id":109,"param_name":"rf_estimators","param_value_internal":150.0,"distribution":"{\"name\": \"IntDistribution\", \"attributes\": {\"log\": false, \"step\": 50, \"low\": 50, \"high\": 200}}"}
{"op_code":5,"worker_id":"567ef105-8f9a-4419-a863-ffc031eb50b6-134234583221952","trial_id":109,"param_name":"rf_max_features","param_value_internal":1,"distribution":"{\"name\": \"CategoricalDistribution\", \"attributes\": {\"choices\": [\"sqrt\", \"log2\"]}}"}
{"op_code":5,"worker_id":"567ef105-8f9a-4419-a863-ffc031eb50b6-134234583221952","trial_id":109,"param_name":"rf_max_depth","param_value_internal":50.0,"distribution":"{\"name\": \"IntDistribution\", \"attributes\": {\"log\": false, \"step\": 10, \"low\": 10, \"high\": 50}}"}
{"op_code":5,"worker_id":"567ef105-8f9a-4419-a863-ffc031eb50b6-134234583221952","trial_id":109,"param_name":"rf_min_samples_split","param_value_internal":8.0,"distribution":"{\"name\": \"IntDistribution\", \"attributes\": {\"log\": false, \"step\": 1, \"low\": 2, \"high\": 10}}"}
{"op_code":5,"worker_id":"567ef105-8f9a-4419-a863-ffc031eb50b6-134234583221952","trial_id":109,"param_name":"rf_min_samples_leaf","param_value_internal":1.0,"distribution":"{\"name\": \"IntDistribution\", \"attributes\": {\"log\": false, \"step\": 1, \"low\": 1, \"high\": 4}}"}
{"op_code":5,"worker_id":"567ef105-8f9a-4419-a863-ffc031eb50b6-134234583221952","trial_id":109,"param_name":"rf_criterion","param_value_internal":1,"distribution":"{\"name\": \"CategoricalDistribution\", \"attributes\": {\"choices\": [\"gini\", \"entropy\"]}}"}
{"op_code":6,"worker_id":"567ef105-8f9a-4419-a863-ffc031eb50b6-134234463266496","trial_id":108,"state":1,"values":[0.5382282069782071],"datetime_complete":"2026-03-21T10:13:09.553415"}
{"op_code":4,"worker_id":"567ef105-8f9a-4419-a863-ffc031eb50b6-134234463266496","study_id":8,"datetime_start":"2026-03-21T10:13:09.558117"}
{"op_code":5,"worker_id":"567ef105-8f9a-4419-a863-ffc031eb50b6-134234463266496","trial_id":110,"param_name":"classifier","param_value_internal":1,"distribution":"{\"name\": \"CategoricalDistribution\", \"attributes\": {\"choices\": [\"LogisticRegression\", \"RandomForestClassifier\", \"SVC\"]}}"}
{"op_code":5,"worker_id":"567ef105-8f9a-4419-a863-ffc031eb50b6-134234463266496","trial_id":110,"param_name":"rf_estimators","param_value_internal":50.0,"distribution":"{\"name\": \"IntDistribution\", \"attributes\": {\"log\": false, \"step\": 50, \"low\": 50, \"high\": 200}}"}
{"op_code":5,"worker_id":"567ef105-8f9a-4419-a863-ffc031eb50b6-134234463266496","trial_id":110,"param_name":"rf_max_features","param_value_internal":0,"distribution":"{\"name\": \"CategoricalDistribution\", \"attributes\": {\"choices\": [\"sqrt\", \"log2\"]}}"}
{"op_code":5,"worker_id":"567ef105-8f9a-4419-a863-ffc031eb50b6-134234463266496","trial_id":110,"param_name":"rf_max_depth","param_value_internal":10.0,"distribution":"{\"name\": \"IntDistribution\", \"attributes\": {\"log\": false, \"step\": 10, \"low\": 10, \"high\": 50}}"}
{"op_code":5,"worker_id":"567ef105-8f9a-4419-a863-ffc031eb50b6-134234463266496","trial_id":110,"param_name":"rf_min_samples_split","param_value_internal":4.0,"distribution":"{\"name\": \"IntDistribution\", \"attributes\": {\"log\": false, \"step\": 1, \"low\": 2, \"high\": 10}}"}
{"op_code":5,"worker_id":"567ef105-8f9a-4419-a863-ffc031eb50b6-134234463266496","trial_id":110,"param_name":"rf_min_samples_leaf","param_value_internal":3.0,"distribution":"{\"name\": \"IntDistribution\", \"attributes\": {\"log\": false, \"step\": 1, \"low\": 1, \"high\": 4}}"}
{"op_code":5,"worker_id":"567ef105-8f9a-4419-a863-ffc031eb50b6-134234463266496","trial_id":110,"param_name":"rf_criterion","param_value_internal":0,"distribution":"{\"name\": \"CategoricalDistribution\", \"attributes\": {\"choices\": [\"gini\", \"entropy\"]}}"}
{"op_code":6,"worker_id":"567ef105-8f9a-4419-a863-ffc031eb50b6-134234463266496","trial_id":110,"state":1,"values":[0.49655398613731944],"datetime_complete":"2026-03-21T10:13:11.241074"}
{"op_code":4,"worker_id":"567ef105-8f9a-4419-a863-ffc031eb50b6-134234463266496","study_id":8,"datetime_start":"2026-03-21T10:13:11.247106"}
{"op_code":5,"worker_id":"567ef105-8f9a-4419-a863-ffc031eb50b6-134234463266496","trial_id":111,"param_name":"classifier","param_value_internal":1,"distribution":"{\"name\": \"CategoricalDistribution\", \"attributes\": {\"choices\": [\"LogisticRegression\", \"RandomForestClassifier\", \"SVC\"]}}"}
{"op_code":5,"worker_id":"567ef105-8f9a-4419-a863-ffc031eb50b6-134234463266496","trial_id":111,"param_name":"rf_estimators","param_value_internal":150.0,"distribution":"{\"name\": \"IntDistribution\", \"attributes\": {\"log\": false, \"step\": 50, \"low\": 50, \"high\": 200}}"}
{"op_code":5,"worker_id":"567ef105-8f9a-4419-a863-ffc031eb50b6-134234463266496","trial_id":111,"param_name":"rf_max_features","param_value_internal":1,"distribution":"{\"name\": \"CategoricalDistribution\", \"attributes\": {\"choices\": [\"sqrt\", \"log2\"]}}"}
{"op_code":5,"worker_id":"567ef105-8f9a-4419-a863-ffc031eb50b6-134234463266496","trial_id":111,"param_name":"rf_max_depth","param_value_internal":40.0,"distribution":"{\"name\": \"IntDistribution\", \"attributes\": {\"log\": false, \"step\": 10, \"low\": 10, \"high\": 50}}"}
{"op_code":5,"worker_id":"567ef105-8f9a-4419-a863-ffc031eb50b6-134234463266496","trial_id":111,"param_name":"rf_min_samples_split","param_value_internal":8.0,"distribution":"{\"name\": \"IntDistribution\", \"attributes\": {\"log\": false, \"step\": 1, \"low\": 2, \"high\": 10}}"}
{"op_code":5,"worker_id":"567ef105-8f9a-4419-a863-ffc031eb50b6-134234463266496","trial_id":111,"param_name":"rf_min_samples_leaf","param_value_internal":1.0,"distribution":"{\"name\": \"IntDistribution\", \"attributes\": {\"log\": false, \"step\": 1, \"low\": 1, \"high\": 4}}"}
{"op_code":5,"worker_id":"567ef105-8f9a-4419-a863-ffc031eb50b6-134234463266496","trial_id":111,"param_name":"rf_criterion","param_value_internal":1,"distribution":"{\"name\": \"CategoricalDistribution\", \"attributes\": {\"choices\": [\"gini\", \"entropy\"]}}"}
{"op_code":6,"worker_id":"567ef105-8f9a-4419-a863-ffc031eb50b6-134234583221952","trial_id":109,"state":1,"values":[0.5391898225231558],"datetime_complete":"2026-03-21T10:13:15.175147"}
{"op_code":4,"worker_id":"567ef105-8f9a-4419-a863-ffc031eb50b6-134234583221952","study_id":8,"datetime_start":"2026-03-21T10:13:15.181583"}
{"op_code":5,"worker_id":"567ef105-8f9a-4419-a863-ffc031eb50b6-134234583221952","trial_id":112,"param_name":"classifier","param_value_internal":0,"distribution":"{\"name\": \"CategoricalDistribution\", \"attributes\": {\"choices\": [\"LogisticRegression\", \"RandomForestClassifier\", \"SVC\"]}}"}
{"op_code":5,"worker_id":"567ef105-8f9a-4419-a863-ffc031eb50b6-134234583221952","trial_id":112,"param_name":"lr_c","param_value_internal":9670.178465615463,"distribution":"{\"name\": \"FloatDistribution\", \"attributes\": {\"step\": null, \"low\": 0.0001, \"high\": 10000.0, \"log\": true}}"}
{"op_code":5,"worker_id":"567ef105-8f9a-4419-a863-ffc031eb50b6-134234583221952","trial_id":112,"param_name":"lr_solver","param_value_internal":1,"distribution":"{\"name\": \"CategoricalDistribution\", \"attributes\": {\"choices\": [\"lbfgs\", \"saga\"]}}"}
{"op_code":5,"worker_id":"567ef105-8f9a-4419-a863-ffc031eb50b6-134234583221952","trial_id":112,"param_name":"lr_penalty","param_value_internal":0,"distribution":"{\"name\": \"CategoricalDistribution\", \"attributes\": {\"choices\": [\"l1\", \"l2\"]}}"}
{"op_code":5,"worker_id":"567ef105-8f9a-4419-a863-ffc031eb50b6-134234583221952","trial_id":112,"param_name":"lr_max_iter","param_value_internal":1000.0,"distribution":"{\"name\": \"IntDistribution\", \"attributes\": {\"log\": false, \"step\": 100, \"low\": 100, \"high\": 1000}}"}
{"op_code":6,"worker_id":"567ef105-8f9a-4419-a863-ffc031eb50b6-134234463266496","trial_id":111,"state":1,"values":[0.5391898225231558],"datetime_complete":"2026-03-21T10:13:23.038811"}
{"op_code":4,"worker_id":"567ef105-8f9a-4419-a863-ffc031eb50b6-134234463266496","study_id":8,"datetime_start":"2026-03-21T10:13:23.045974"}
{"op_code":5,"worker_id":"567ef105-8f9a-4419-a863-ffc031eb50b6-134234463266496","trial_id":113,"param_name":"classifier","param_value_internal":0,"distribution":"{\"name\": \"CategoricalDistribution\", \"attributes\": {\"choices\": [\"LogisticRegression\", \"RandomForestClassifier\", \"SVC\"]}}"}
{"op_code":5,"worker_id":"567ef105-8f9a-4419-a863-ffc031eb50b6-134234463266496","trial_id":113,"param_name":"lr_c","param_value_internal":3978.692854412974,"distribution":"{\"name\": \"FloatDistribution\", \"attributes\": {\"step\": null, \"low\": 0.0001, \"high\": 10000.0, \"log\": true}}"}
{"op_code":5,"worker_id":"567ef105-8f9a-4419-a863-ffc031eb50b6-134234463266496","trial_id":113,"param_name":"lr_solver","param_value_internal":1,"distribution":"{\"name\": \"CategoricalDistribution\", \"attributes\": {\"choices\": [\"lbfgs\", \"saga\"]}}"}
{"op_code":5,"worker_id":"567ef105-8f9a-4419-a863-ffc031eb50b6-134234463266496","trial_id":113,"param_name":"lr_penalty","param_value_internal":0,"distribution":"{\"name\": \"CategoricalDistribution\", \"attributes\": {\"choices\": [\"l1\", \"l2\"]}}"}
{"op_code":5,"worker_id":"567ef105-8f9a-4419-a863-ffc031eb50b6-134234463266496","trial_id":113,"param_name":"lr_max_iter","param_value_internal":1000.0,"distribution":"{\"name\": \"IntDistribution\", \"attributes\": {\"log\": false, \"step\": 100, \"low\": 100, \"high\": 1000}}"}
{"op_code":6,"worker_id":"567ef105-8f9a-4419-a863-ffc031eb50b6-134234583221952","trial_id":112,"state":1,"values":[0.11860816652483319],"datetime_complete":"2026-03-21T10:14:06.771004"}
{"op_code":4,"worker_id":"567ef105-8f9a-4419-a863-ffc031eb50b6-134234583221952","study_id":8,"datetime_start":"2026-03-21T10:14:06.777411"}
{"op_code":5,"worker_id":"567ef105-8f9a-4419-a863-ffc031eb50b6-134234583221952","trial_id":114,"param_name":"classifier","param_value_internal":1,"distribution":"{\"name\": \"CategoricalDistribution\", \"attributes\": {\"choices\": [\"LogisticRegression\", \"RandomForestClassifier\", \"SVC\"]}}"}
{"op_code":5,"worker_id":"567ef105-8f9a-4419-a863-ffc031eb50b6-134234583221952","trial_id":114,"param_name":"rf_estimators","param_value_internal":100.0,"distribution":"{\"name\": \"IntDistribution\", \"attributes\": {\"log\": false, \"step\": 50, \"low\": 50, \"high\": 200}}"}
{"op_code":5,"worker_id":"567ef105-8f9a-4419-a863-ffc031eb50b6-134234583221952","trial_id":114,"param_name":"rf_max_features","param_value_internal":0,"distribution":"{\"name\": \"CategoricalDistribution\", \"attributes\": {\"choices\": [\"sqrt\", \"log2\"]}}"}
{"op_code":5,"worker_id":"567ef105-8f9a-4419-a863-ffc031eb50b6-134234583221952","trial_id":114,"param_name":"rf_max_depth","param_value_internal":20.0,"distribution":"{\"name\": \"IntDistribution\", \"attributes\": {\"log\": false, \"step\": 10, \"low\": 10, \"high\": 50}}"}
{"op_code":5,"worker_id":"567ef105-8f9a-4419-a863-ffc031eb50b6-134234583221952","trial_id":114,"param_name":"rf_min_samples_split","param_value_internal":6.0,"distribution":"{\"name\": \"IntDistribution\", \"attributes\": {\"log\": false, \"step\": 1, \"low\": 2, \"high\": 10}}"}
{"op_code":5,"worker_id":"567ef105-8f9a-4419-a863-ffc031eb50b6-134234583221952","trial_id":114,"param_name":"rf_min_samples_leaf","param_value_internal":2.0,"distribution":"{\"name\": \"IntDistribution\", \"attributes\": {\"log\": false, \"step\": 1, \"low\": 1, \"high\": 4}}"}
{"op_code":5,"worker_id":"567ef105-8f9a-4419-a863-ffc031eb50b6-134234583221952","trial_id":114,"param_name":"rf_criterion","param_value_internal":0,"distribution":"{\"name\": \"CategoricalDistribution\", \"attributes\": {\"choices\": [\"gini\", \"entropy\"]}}"}
{"op_code":6,"worker_id":"567ef105-8f9a-4419-a863-ffc031eb50b6-134234583221952","trial_id":114,"state":1,"values":[0.5423954132287466],"datetime_complete":"2026-03-21T10:14:10.904905"}
{"op_code":4,"worker_id":"567ef105-8f9a-4419-a863-ffc031eb50b6-134234583221952","study_id":8,"datetime_start":"2026-03-21T10:14:10.909831"}
{"op_code":5,"worker_id":"567ef105-8f9a-4419-a863-ffc031eb50b6-134234583221952","trial_id":115,"param_name":"classifier","param_value_internal":1,"distribution":"{\"name\": \"CategoricalDistribution\", \"attributes\": {\"choices\": [\"LogisticRegression\", \"RandomForestClassifier\", \"SVC\"]}}"}
{"op_code":5,"worker_id":"567ef105-8f9a-4419-a863-ffc031eb50b6-134234583221952","trial_id":115,"param_name":"rf_estimators","param_value_internal":100.0,"distribution":"{\"name\": \"IntDistribution\", \"attributes\": {\"log\": false, \"step\": 50, \"low\": 50, \"high\": 200}}"}
{"op_code":5,"worker_id":"567ef105-8f9a-4419-a863-ffc031eb50b6-134234583221952","trial_id":115,"param_name":"rf_max_features","param_value_internal":0,"distribution":"{\"name\": \"CategoricalDistribution\", \"attributes\": {\"choices\": [\"sqrt\", \"log2\"]}}"}
{"op_code":5,"worker_id":"567ef105-8f9a-4419-a863-ffc031eb50b6-134234583221952","trial_id":115,"param_name":"rf_max_depth","param_value_internal":20.0,"distribution":"{\"name\": \"IntDistribution\", \"attributes\": {\"log\": false, \"step\": 10, \"low\": 10, \"high\": 50}}"}
{"op_code":5,"worker_id":"567ef105-8f9a-4419-a863-ffc031eb50b6-134234583221952","trial_id":115,"param_name":"rf_min_samples_split","param_value_internal":7.0,"distribution":"{\"name\": \"IntDistribution\", \"attributes\": {\"log\": false, \"step\": 1, \"low\": 2, \"high\": 10}}"}
{"op_code":5,"worker_id":"567ef105-8f9a-4419-a863-ffc031eb50b6-134234583221952","trial_id":115,"param_name":"rf_min_samples_leaf","param_value_internal":2.0,"distribution":"{\"name\": \"IntDistribution\", \"attributes\": {\"log\": false, \"step\": 1, \"low\": 1, \"high\": 4}}"}
{"op_code":5,"worker_id":"567ef105-8f9a-4419-a863-ffc031eb50b6-134234583221952","trial_id":115,"param_name":"rf_criterion","param_value_internal":0,"distribution":"{\"name\": \"CategoricalDistribution\", \"attributes\": {\"choices\": [\"gini\", \"entropy\"]}}"}
{"op_code":6,"worker_id":"567ef105-8f9a-4419-a863-ffc031eb50b6-134234583221952","trial_id":115,"state":1,"values":[0.5395104124270791],"datetime_complete":"2026-03-21T10:14:14.822473"}
{"op_code":4,"worker_id":"567ef105-8f9a-4419-a863-ffc031eb50b6-134234583221952","study_id":8,"datetime_start":"2026-03-21T10:14:14.827413"}
{"op_code":5,"worker_id":"567ef105-8f9a-4419-a863-ffc031eb50b6-134234583221952","trial_id":116,"param_name":"classifier","param_value_internal":1,"distribution":"{\"name\": \"CategoricalDistribution\", \"attributes\": {\"choices\": [\"LogisticRegression\", \"RandomForestClassifier\", \"SVC\"]}}"}
{"op_code":5,"worker_id":"567ef105-8f9a-4419-a863-ffc031eb50b6-134234583221952","trial_id":116,"param_name":"rf_estimators","param_value_internal":100.0,"distribution":"{\"name\": \"IntDistribution\", \"attributes\": {\"log\": false, \"step\": 50, \"low\": 50, \"high\": 200}}"}
{"op_code":5,"worker_id":"567ef105-8f9a-4419-a863-ffc031eb50b6-134234583221952","trial_id":116,"param_name":"rf_max_features","param_value_internal":0,"distribution":"{\"name\": \"CategoricalDistribution\", \"attributes\": {\"choices\": [\"sqrt\", \"log2\"]}}"}
{"op_code":5,"worker_id":"567ef105-8f9a-4419-a863-ffc031eb50b6-134234583221952","trial_id":116,"param_name":"rf_max_depth","param_value_internal":20.0,"distribution":"{\"name\": \"IntDistribution\", \"attributes\": {\"log\": false, \"step\": 10, \"low\": 10, \"high\": 50}}"}
{"op_code":5,"worker_id":"567ef105-8f9a-4419-a863-ffc031eb50b6-134234583221952","trial_id":116,"param_name":"rf_min_samples_split","param_value_internal":4.0,"distribution":"{\"name\": \"IntDistribution\", \"attributes\": {\"log\": false, \"step\": 1, \"low\": 2, \"high\": 10}}"}
{"op_code":5,"worker_id":"567ef105-8f9a-4419-a863-ffc031eb50b6-134234583221952","trial_id":116,"param_name":"rf_min_samples_leaf","param_value_internal":3.0,"distribution":"{\"name\": \"IntDistribution\", \"attributes\": {\"log\": false, \"step\": 1, \"low\": 1, \"high\": 4}}"}
{"op_code":5,"worker_id":"567ef105-8f9a-4419-a863-ffc031eb50b6-134234583221952","trial_id":116,"param_name":"rf_criterion","param_value_internal":0,"distribution":"{\"name\": \"CategoricalDistribution\", \"attributes\": {\"choices\": [\"gini\", \"entropy\"]}}"}
{"op_code":6,"worker_id":"567ef105-8f9a-4419-a863-ffc031eb50b6-134234463266496","trial_id":113,"state":1,"values":[0.11860816652483319],"datetime_complete":"2026-03-21T10:14:14.884941"}
{"op_code":4,"worker_id":"567ef105-8f9a-4419-a863-ffc031eb50b6-134234463266496","study_id":8,"datetime_start":"2026-03-21T10:14:14.903088"}
{"op_code":5,"worker_id":"567ef105-8f9a-4419-a863-ffc031eb50b6-134234463266496","trial_id":117,"param_name":"classifier","param_value_internal":1,"distribution":"{\"name\": \"CategoricalDistribution\", \"attributes\": {\"choices\": [\"LogisticRegression\", \"RandomForestClassifier\", \"SVC\"]}}"}
{"op_code":5,"worker_id":"567ef105-8f9a-4419-a863-ffc031eb50b6-134234463266496","trial_id":117,"param_name":"rf_estimators","param_value_internal":100.0,"distribution":"{\"name\": \"IntDistribution\", \"attributes\": {\"log\": false, \"step\": 50, \"low\": 50, \"high\": 200}}"}
{"op_code":5,"worker_id":"567ef105-8f9a-4419-a863-ffc031eb50b6-134234463266496","trial_id":117,"param_name":"rf_max_features","param_value_internal":0,"distribution":"{\"name\": \"CategoricalDistribution\", \"attributes\": {\"choices\": [\"sqrt\", \"log2\"]}}"}
{"op_code":5,"worker_id":"567ef105-8f9a-4419-a863-ffc031eb50b6-134234463266496","trial_id":117,"param_name":"rf_max_depth","param_value_internal":20.0,"distribution":"{\"name\": \"IntDistribution\", \"attributes\": {\"log\": false, \"step\": 10, \"low\": 10, \"high\": 50}}"}
{"op_code":5,"worker_id":"567ef105-8f9a-4419-a863-ffc031eb50b6-134234463266496","trial_id":117,"param_name":"rf_min_samples_split","param_value_internal":5.0,"distribution":"{\"name\": \"IntDistribution\", \"attributes\": {\"log\": false, \"step\": 1, \"low\": 2, \"high\": 10}}"}
{"op_code":5,"worker_id":"567ef105-8f9a-4419-a863-ffc031eb50b6-134234463266496","trial_id":117,"param_name":"rf_min_samples_leaf","param_value_internal":3.0,"distribution":"{\"name\": \"IntDistribution\", \"attributes\": {\"log\": false, \"step\": 1, \"low\": 1, \"high\": 4}}"}
{"op_code":5,"worker_id":"567ef105-8f9a-4419-a863-ffc031eb50b6-134234463266496","trial_id":117,"param_name":"rf_criterion","param_value_internal":0,"distribution":"{\"name\": \"CategoricalDistribution\", \"attributes\": {\"choices\": [\"gini\", \"entropy\"]}}"}
{"op_code":6,"worker_id":"567ef105-8f9a-4419-a863-ffc031eb50b6-134234583221952","trial_id":116,"state":1,"values":[0.5422349255682589],"datetime_complete":"2026-03-21T10:14:18.882164"}
{"op_code":4,"worker_id":"567ef105-8f9a-4419-a863-ffc031eb50b6-134234583221952","study_id":8,"datetime_start":"2026-03-21T10:14:18.888018"}
{"op_code":5,"worker_id":"567ef105-8f9a-4419-a863-ffc031eb50b6-134234583221952","trial_id":118,"param_name":"classifier","param_value_internal":1,"distribution":"{\"name\": \"CategoricalDistribution\", \"attributes\": {\"choices\": [\"LogisticRegression\", \"RandomForestClassifier\", \"SVC\"]}}"}
{"op_code":5,"worker_id":"567ef105-8f9a-4419-a863-ffc031eb50b6-134234583221952","trial_id":118,"param_name":"rf_estimators","param_value_internal":50.0,"distribution":"{\"name\": \"IntDistribution\", \"attributes\": {\"log\": false, \"step\": 50, \"low\": 50, \"high\": 200}}"}
{"op_code":5,"worker_id":"567ef105-8f9a-4419-a863-ffc031eb50b6-134234583221952","trial_id":118,"param_name":"rf_max_features","param_value_internal":0,"distribution":"{\"name\": \"CategoricalDistribution\", \"attributes\": {\"choices\": [\"sqrt\", \"log2\"]}}"}
{"op_code":5,"worker_id":"567ef105-8f9a-4419-a863-ffc031eb50b6-134234583221952","trial_id":118,"param_name":"rf_max_depth","param_value_internal":30.0,"distribution":"{\"name\": \"IntDistribution\", \"attributes\": {\"log\": false, \"step\": 10, \"low\": 10, \"high\": 50}}"}
{"op_code":5,"worker_id":"567ef105-8f9a-4419-a863-ffc031eb50b6-134234583221952","trial_id":118,"param_name":"rf_min_samples_split","param_value_internal":7.0,"distribution":"{\"name\": \"IntDistribution\", \"attributes\": {\"log\": false, \"step\": 1, \"low\": 2, \"high\": 10}}"}
{"op_code":5,"worker_id":"567ef105-8f9a-4419-a863-ffc031eb50b6-134234583221952","trial_id":118,"param_name":"rf_min_samples_leaf","param_value_internal":2.0,"distribution":"{\"name\": \"IntDistribution\", \"attributes\": {\"log\": false, \"step\": 1, \"low\": 1, \"high\": 4}}"}
{"op_code":5,"worker_id":"567ef105-8f9a-4419-a863-ffc031eb50b6-134234583221952","trial_id":118,"param_name":"rf_criterion","param_value_internal":0,"distribution":"{\"name\": \"CategoricalDistribution\", \"attributes\": {\"choices\": [\"gini\", \"entropy\"]}}"}
{"op_code":6,"worker_id":"567ef105-8f9a-4419-a863-ffc031eb50b6-134234463266496","trial_id":117,"state":1,"values":[0.5422349255682589],"datetime_complete":"2026-03-21T10:14:18.981560"}
{"op_code":4,"worker_id":"567ef105-8f9a-4419-a863-ffc031eb50b6-134234463266496","study_id":8,"datetime_start":"2026-03-21T10:14:18.989769"}
{"op_code":5,"worker_id":"567ef105-8f9a-4419-a863-ffc031eb50b6-134234463266496","trial_id":119,"param_name":"classifier","param_value_internal":1,"distribution":"{\"name\": \"CategoricalDistribution\", \"attributes\": {\"choices\": [\"LogisticRegression\", \"RandomForestClassifier\", \"SVC\"]}}"}
{"op_code":5,"worker_id":"567ef105-8f9a-4419-a863-ffc031eb50b6-134234463266496","trial_id":119,"param_name":"rf_estimators","param_value_internal":50.0,"distribution":"{\"name\": \"IntDistribution\", \"attributes\": {\"log\": false, \"step\": 50, \"low\": 50, \"high\": 200}}"}
{"op_code":5,"worker_id":"567ef105-8f9a-4419-a863-ffc031eb50b6-134234463266496","trial_id":119,"param_name":"rf_max_features","param_value_internal":0,"distribution":"{\"name\": \"CategoricalDistribution\", \"attributes\": {\"choices\": [\"sqrt\", \"log2\"]}}"}
{"op_code":5,"worker_id":"567ef105-8f9a-4419-a863-ffc031eb50b6-134234463266496","trial_id":119,"param_name":"rf_max_depth","param_value_internal":40.0,"distribution":"{\"name\": \"IntDistribution\", \"attributes\": {\"log\": false, \"step\": 10, \"low\": 10, \"high\": 50}}"}
{"op_code":5,"worker_id":"567ef105-8f9a-4419-a863-ffc031eb50b6-134234463266496","trial_id":119,"param_name":"rf_min_samples_split","param_value_internal":7.0,"distribution":"{\"name\": \"IntDistribution\", \"attributes\": {\"log\": false, \"step\": 1, \"low\": 2, \"high\": 10}}"}
{"op_code":5,"worker_id":"567ef105-8f9a-4419-a863-ffc031eb50b6-134234463266496","trial_id":119,"param_name":"rf_min_samples_leaf","param_value_internal":2.0,"distribution":"{\"name\": \"IntDistribution\", \"attributes\": {\"log\": false, \"step\": 1, \"low\": 1, \"high\": 4}}"}
{"op_code":5,"worker_id":"567ef105-8f9a-4419-a863-ffc031eb50b6-134234463266496","trial_id":119,"param_name":"rf_criterion","param_value_internal":0,"distribution":"{\"name\": \"CategoricalDistribution\", \"attributes\": {\"choices\": [\"gini\", \"entropy\"]}}"}
{"op_code":6,"worker_id":"567ef105-8f9a-4419-a863-ffc031eb50b6-134234583221952","trial_id":118,"state":1,"values":[0.534221488388155],"datetime_complete":"2026-03-21T10:14:21.017338"}
{"op_code":4,"worker_id":"567ef105-8f9a-4419-a863-ffc031eb50b6-134234583221952","study_id":8,"datetime_start":"2026-03-21T10:14:21.027990"}
{"op_code":5,"worker_id":"567ef105-8f9a-4419-a863-ffc031eb50b6-134234583221952","trial_id":120,"param_name":"classifier","param_value_internal":1,"distribution":"{\"name\": \"CategoricalDistribution\", \"attributes\": {\"choices\": [\"LogisticRegression\", \"RandomForestClassifier\", \"SVC\"]}}"}
{"op_code":5,"worker_id":"567ef105-8f9a-4419-a863-ffc031eb50b6-134234583221952","trial_id":120,"param_name":"rf_estimators","param_value_internal":150.0,"distribution":"{\"name\": \"IntDistribution\", \"attributes\": {\"log\": false, \"step\": 50, \"low\": 50, \"high\": 200}}"}
{"op_code":6,"worker_id":"567ef105-8f9a-4419-a863-ffc031eb50b6-134234463266496","trial_id":119,"state":1,"values":[0.534221488388155],"datetime_complete":"2026-03-21T10:14:21.046923"}
{"op_code":5,"worker_id":"567ef105-8f9a-4419-a863-ffc031eb50b6-134234583221952","trial_id":120,"param_name":"rf_max_features","param_value_internal":0,"distribution":"{\"name\": \"CategoricalDistribution\", \"attributes\": {\"choices\": [\"sqrt\", \"log2\"]}}"}
{"op_code":4,"worker_id":"567ef105-8f9a-4419-a863-ffc031eb50b6-134234463266496","study_id":8,"datetime_start":"2026-03-21T10:14:21.060851"}
{"op_code":5,"worker_id":"567ef105-8f9a-4419-a863-ffc031eb50b6-134234583221952","trial_id":120,"param_name":"rf_max_depth","param_value_internal":40.0,"distribution":"{\"name\": \"IntDistribution\", \"attributes\": {\"log\": false, \"step\": 10, \"low\": 10, \"high\": 50}}"}
{"op_code":5,"worker_id":"567ef105-8f9a-4419-a863-ffc031eb50b6-134234463266496","trial_id":121,"param_name":"classifier","param_value_internal":2,"distribution":"{\"name\": \"CategoricalDistribution\", \"attributes\": {\"choices\": [\"LogisticRegression\", \"RandomForestClassifier\", \"SVC\"]}}"}
{"op_code":5,"worker_id":"567ef105-8f9a-4419-a863-ffc031eb50b6-134234583221952","trial_id":120,"param_name":"rf_min_samples_split","param_value_internal":7.0,"distribution":"{\"name\": \"IntDistribution\", \"attributes\": {\"log\": false, \"step\": 1, \"low\": 2, \"high\": 10}}"}
{"op_code":5,"worker_id":"567ef105-8f9a-4419-a863-ffc031eb50b6-134234463266496","trial_id":121,"param_name":"svc_c","param_value_internal":6.731536824591146,"distribution":"{\"name\": \"FloatDistribution\", \"attributes\": {\"step\": null, \"low\": 0.01, \"high\": 100.0, \"log\": true}}"}
{"op_code":5,"worker_id":"567ef105-8f9a-4419-a863-ffc031eb50b6-134234583221952","trial_id":120,"param_name":"rf_min_samples_leaf","param_value_internal":2.0,"distribution":"{\"name\": \"IntDistribution\", \"attributes\": {\"log\": false, \"step\": 1, \"low\": 1, \"high\": 4}}"}
{"op_code":5,"worker_id":"567ef105-8f9a-4419-a863-ffc031eb50b6-134234463266496","trial_id":121,"param_name":"svc_kernel","param_value_internal":0,"distribution":"{\"name\": \"CategoricalDistribution\", \"attributes\": {\"choices\": [\"linear\", \"rbf\", \"poly\", \"sigmoid\"]}}"}
{"op_code":5,"worker_id":"567ef105-8f9a-4419-a863-ffc031eb50b6-134234583221952","trial_id":120,"param_name":"rf_criterion","param_value_internal":0,"distribution":"{\"name\": \"CategoricalDistribution\", \"attributes\": {\"choices\": [\"gini\", \"entropy\"]}}"}
{"op_code":5,"worker_id":"567ef105-8f9a-4419-a863-ffc031eb50b6-134234463266496","trial_id":121,"param_name":"svc_gamma","param_value_internal":1,"distribution":"{\"name\": \"CategoricalDistribution\", \"attributes\": {\"choices\": [\"scale\", \"auto\"]}}"}
{"op_code":6,"worker_id":"567ef105-8f9a-4419-a863-ffc031eb50b6-134234583221952","trial_id":120,"state":1,"values":[0.5409523347023347],"datetime_complete":"2026-03-21T10:14:27.035293"}
{"op_code":4,"worker_id":"567ef105-8f9a-4419-a863-ffc031eb50b6-134234583221952","study_id":8,"datetime_start":"2026-03-21T10:14:27.042496"}
{"op_code":5,"worker_id":"567ef105-8f9a-4419-a863-ffc031eb50b6-134234583221952","trial_id":122,"param_name":"classifier","param_value_internal":2,"distribution":"{\"name\": \"CategoricalDistribution\", \"attributes\": {\"choices\": [\"LogisticRegression\", \"RandomForestClassifier\", \"SVC\"]}}"}
{"op_code":5,"worker_id":"567ef105-8f9a-4419-a863-ffc031eb50b6-134234583221952","trial_id":122,"param_name":"svc_c","param_value_internal":7.985510402483956,"distribution":"{\"name\": \"FloatDistribution\", \"attributes\": {\"step\": null, \"low\": 0.01, \"high\": 100.0, \"log\": true}}"}
{"op_code":5,"worker_id":"567ef105-8f9a-4419-a863-ffc031eb50b6-134234583221952","trial_id":122,"param_name":"svc_kernel","param_value_internal":0,"distribution":"{\"name\": \"CategoricalDistribution\", \"attributes\": {\"choices\": [\"linear\", \"rbf\", \"poly\", \"sigmoid\"]}}"}
{"op_code":5,"worker_id":"567ef105-8f9a-4419-a863-ffc031eb50b6-134234583221952","trial_id":122,"param_name":"svc_gamma","param_value_internal":1,"distribution":"{\"name\": \"CategoricalDistribution\", \"attributes\": {\"choices\": [\"scale\", \"auto\"]}}"}
